Unique,Sequence,Localization,H_21,H_16,H_12,H_4,H_2,H_1,H_0.25,H_0
FALSE,K.AEEILEK.G,nuclei,298380,606492,599010,726138,848870,717649,631088,455846
FALSE,K.DDEVQVVR.G,nuclei,753298,898314,1192608,1492180,1566368,1403086,1407158,657048
FALSE,K.FIDTTSK.F,nuclei,1298310,2014856,2796960,3133502,3351932,3151208,2586472,2081366
FALSE,K.FNPFVTSDR.S,nuclei,427390,626202,797202,1302068,1478548,1388672,1340694,771824
FALSE,K.HFELGGDK.K,cytop,762062,1147504,1344978,3208040,2274796,6957504,2367052,3316412
FALSE,K.HFELGGDK.K,nuclei,3446660,8342960,8584564,14300000,16600000,15300000,15000000,6112500
FALSE,K.IMSSPLSK.E,cytop,307820,387192,445426,1104454,1116784,1792516,1347252,1081796
FALSE,K.IMSSPLSK.E,nuclei,835040,1261824,1986252,2935946,3453034,3283694,3244608,2109208
FALSE,K.IQDKEGIPPDQQR.L,nuclei,2026979,3946916,4124800,7140763,9451096,9529992,8911446,9291208
FALSE,K.KYVIYIER.V,cytop,313162,400072,303728,723152,709900,1343296,851440,892764
FALSE,K.KYVIYIER.V,nuclei,1490840,1978644,2444768,3255234,3806216,3831754,3904136,2958876
FALSE,K.MLSCAGADR.L,cytop,64492,125922,70622,527702,467206,957610,1048656,708146
FALSE,K.MLSCAGADR.L,nuclei,117186,258408,257046,418568,466124,389716,300260,222638
FALSE,K.QLEDGRTLSDYNIQK.E,nuclei,154680,182245,218395,398195,595040,968575,1125400,1167235
FALSE,K.TITLEVEPSDTIENVK.A,nuclei,1124156,2843108,3830768,6194240,8680344,7887348,6836988,5780256
FALSE,K.TITLEVEPSDTIENVKAK.I,nuclei,110160,192332,374704,593612,867544,1363248,1502424,1519928
FALSE,K.VACIGAWHPAR.V,cytop,300634,452910,457848,1125678,1211940,2312878,2030254,1532822
FALSE,K.VACIGAWHPAR.V,nuclei,507144,810856,943162,1186338,1251040,1275254,1067050,919730
FALSE,K.VFDGIPPPYDK.K,cytop,153378,175546,163412,345624,270290,549582,490362,410678
FALSE,K.VFDGIPPPYDK.K,nuclei,1444006,2812224,3243576,4425010,5038836,4375258,3622370,2970404
FALSE,K.VFDGIPPPYDKK.K,nuclei,1074280,2034142,2338062,3831654,3377448,2983842,2603680,2479062
FALSE,K.YQAVTATLEEK.R,cytop,1206626,1585568,1151694,3606474,2537156,5702876,4944834,3522868
FALSE,K.YQAVTATLEEK.R,nuclei,1500178,2918822,3887834,4802748,5548698,4839912,3173668,2763200
FALSE,K.YTCSFCGK.T,cytop,132712,243518,106716,712786,448290,981866,968600,612272
FALSE,K.YTCSFCGK.T,nuclei,62560,87362,136296,178102,252846,210818,204132,113058
FALSE,K.YVIYIER.V,cytop,248456,337094,368312,935378,919710,1636828,1257380,987858
FALSE,R.GAFGKPQGTVAR.V,cytop,10078,18074,10666,58228,43628,93494,87462,80388
FALSE,R.KDDEVQVVR.G,cytop,917354,1524784,1093874,4292672,3791540,5396316,4298198,5513858
FALSE,R.KDDEVQVVR.G,nuclei,6459292,12846692,13848182,22692650,26038560,24056358,26722626,13975334
FALSE,R.KIMSSPLSK.E,cytop,763380,1316632,1811756,3348136,3527470,6064862,2768460,4421460
FALSE,R.KIMSSPLSK.E,nuclei,57468,83394,105912,139808,157214,183816,192672,139984
FALSE,R.KVACIGAWHPAR.V,nuclei,951582,1588144,1972486,2325192,2526574,2382752,2263358,1983064
FALSE,R.LECVEPNCR.S,cytop,268792,439974,887202,1099886,1199558,2075454,1501600,1345086
FALSE,R.LECVEPNCR.S,nuclei,363818,605990,650028,1078788,1146944,1052476,1188240,767664
FALSE,R.LHPFHVIR.I,cytop,558132,755522,454946,1910482,1660838,3921804,3483438,3302998
FALSE,R.LHPFHVIR.I,nuclei,37482,95978,91914,132344,121230,124960,90266,87002
FALSE,R.LIFAGKQLEDGRTLSDYNIQKESTLHLVLR.L,nuclei,244800,440552,627224,1332280,2138560,2507608,3010952,1561168
FALSE,R.MVVPAALK.V,cytop,385400,582794,600400,1270768,1092228,1886802,1484024,1280392
FALSE,R.MVVPAALK.V,nuclei,1363490,2720036,3458262,4076278,4540092,3886726,3018730,2472992
FALSE,R.SMPIRKDDEVQVVR.G,nuclei,1585714,1981500,3686812,4224938,4834076,5603552,6158678,6047700
FALSE,R.TLSDYNIQK.E,nuclei,1346525,3427065,4264135,8337995,12298495,11788445,11306145,7390650
FALSE,R.VHIGQVIMSIR.T,cytop,232856,316878,207214,1072554,803250,1802266,1790230,1407018
FALSE,R.VHIGQVIMSIR.T,nuclei,448074,898386,1124908,1560120,1631746,1517752,1163820,1161096
FALSE,S.DEYEQLSSEALEAAR.I,nuclei,36250,44066,43186,42142,34758,35100,29552,25204
TRUE,-.MKVELCSFSGYK.I,cytop,51166,81116,83925,204553,235892,404120,314015,276387
TRUE,-.MKVELCSFSGYK.I,nuclei,395648,627053,886839,1013608,1267779,1202598,1182996,982035
TRUE,K.AAAAAAALQAK.S,cytop,200536,277126,472968,604752,643626,1029703,763643,597029
TRUE,K.AAAAAAALQAK.S,nuclei,85574,155819,157322,237804,279473,253574,226475,208838
TRUE,K.AFMGPLK.K,nuclei,187419,392791,357598,447410,434473,390533,365081,293563
TRUE,K.AGKFPSLLTHNENMVAK.V,nuclei,542981,1157428,1047390,1776493,2020368,2069782,1805459,2165230
TRUE,K.AGMTHIVR.E,cytop,180423,179108,115730,127717,59008,155299,88330,73645
TRUE,K.AGMTHIVR.E,nuclei,601964,645849,754113,716570,832640,785740,659458,684710
TRUE,K.AGNFYVPAEPK.L,nuclei,412979,586593,846647,785270,979383,1031979,656050,610651
TRUE,K.AGNLGGGVVTIER.S,cytop,331897,457604,558656,855260,717553,1674481,1212208,1002562
TRUE,K.AGNLGGGVVTIER.S,nuclei,813048,1243892,1855891,1990209,2193380,2386098,2550886,1639540
TRUE,K.AIFAGYKR.G,nuclei,487361,1016755,1137184,1606573,1838030,1909215,1879656,2056190
TRUE,K.AIPQLQGYLR.S,cytop,77090,74130,84008,183512,150233,315488,260138,256778
TRUE,K.AIPQLQGYLR.S,nuclei,102321,98931,109170,133282,141776,145437,154996,110915
TRUE,K.AKNNTVTPGGKPNK.T,nuclei,365641,717099,771386,1000416,1216895,1192664,1030376,979668
TRUE,K.AKVDEFPLCGHMVSDEYEQLSSEALEAAR.I,nuclei,397105,801230,797186,1026318,972628,1032848,946224,1097222
TRUE,K.APGTPHSHTKPYVR.S,cytop,1721,3963,1797,3466,3017,8139,5577,5403
TRUE,K.APIRPDIVNFVHTNLR.K,cytop,180877,283378,247491,505170,475341,833424,624925,600500
TRUE,K.APIRPDIVNFVHTNLR.K,nuclei,430343,698762,779897,1027545,1083356,963043,998994,892140
TRUE,K.APIRPDIVNFVHTNLRK.N,cytop,323557,422724,763857,751949,926756,1860773,868034,987029
TRUE,K.AQAAAPASVPAQAPK.R,cytop,103134,151897,371632,342588,427303,663871,391292,452186
TRUE,K.AQAAAPASVPAQAPK.R,nuclei,275185,306346,511286,847270,1046829,717276,962625,959088
TRUE,K.AQAAAPASVPAQAPKR.T,nuclei,8684,5710,14749,13179,21452,34428,36489,77143
TRUE,K.AQAQSQK.A,nuclei,31505,46846,46938,69704,89498,90138,82898,66839
TRUE,K.AQLNIGNVLPVGTMPEGTIVCCLEEKPGDR.G,cytop,54556,46360,36340,43684,33640,69032,51770,48115
TRUE,K.AQLNIGNVLPVGTMPEGTIVCCLEEKPGDR.G,nuclei,25890,37937,48329,56552,58057,50183,40701,41210
TRUE,K.AVDIPHMDIEALK.K,cytop,161315,270548,142426,513748,354474,770091,607178,629464
TRUE,K.AVDIPHMDIEALK.K,nuclei,460856,803573,761004,1201660,1220646,1206566,1173923,1244671
TRUE,K.AVDIPHMDIEALKK.L,cytop,743702,1186668,786233,2544741,1715328,6304350,294477,3480142
TRUE,K.AVDIPHMDIEALKK.L,nuclei,503643,904145,895918,1408791,1538936,1400401,1299813,1411681
TRUE,K.AVDSQILPK.I,cytop,471054,729763,1095732,1771615,1801274,3484052,2363654,2425291
TRUE,K.AVDSQILPK.I,nuclei,176994,318178,367820,505075,520280,486062,527585,499914
TRUE,K.CESAFLSK.R,cytop,42785,56957,94626,204879,214730,303004,297936,179329
TRUE,K.CESAFLSK.R,nuclei,140221,232531,377800,465296,587448,572309,457914,278230
TRUE,K.CGHTNNLRPK.K,cytop,86437,150839,244732,380446,329704,948755,67405,557745
TRUE,K.CGYPAK.R,nuclei,125258,173520,248615,412265,441835,416153,401369,193873
TRUE,K.CMQLTDFILK.F,nuclei,144409,248335,348391,452349,538280,494005,376149,221535
TRUE,K.DSLYAQGK.R,nuclei,101148,152802,178588,259366,271011,267696,252582,172112
TRUE,K.DSLYAQGR.R,nuclei,31317,36311,48874,71219,74791,73149,71566,48135
TRUE,K.EAAEQDVEK.K,cytop,176842,256626,317678,620342,713172,1158532,899388,865629
TRUE,K.EAAEQDVEK.K,nuclei,365234,462563,627009,1038167,1274869,1163649,1186017,912422
TRUE,K.EANNFLWPFK.L,cytop,326144,456428,345137,903357,660721,1091299,1198378,1023967
TRUE,K.EANNFLWPFK.L,nuclei,214944,572391,722019,710492,960650,764743,480737,454714
TRUE,K.EAVLLLK.K,cytop,1503826,2133765,2308881,4218076,3882753,6985547,5302212,4732908
TRUE,K.EAVLLLK.K,nuclei,1910044,3368715,3488077,4424145,4893102,4031381,3725916,2924025
TRUE,K.ECADLWPR.I,nuclei,244468,429394,480371,601181,664871,684868,595955,625714
TRUE,K.EFNAEVHR.K,cytop,191326,273569,142302,648454,451855,719448,771551,769009
TRUE,K.EFNAEVHR.K,nuclei,87152,207015,189503,371498,382929,298721,275534,153417
TRUE,K.EFNAEVHRK.H,nuclei,10293,21072,22031,39338,40957,37142,36546,26139
TRUE,K.EILGTAQSVGCNVDGR.H,cytop,217064,330351,183937,636715,472762,910899,793246,737252
TRUE,K.EILGTAQSVGCNVDGR.H,nuclei,150436,394701,364174,794181,791279,665002,609377,326581
TRUE,K.EILGTAQSVGCNVDGRHPHDIIDDINSGAVECPAS.-,nuclei,70817,82644,100257,109741,114653,129723,138345,180716
TRUE,K.EKGTWVQLK.R,nuclei,2289237,4287722,5368650,6270696,7180856,7065098,6734525,5456757
TRUE,K.EKVLATVTKPVGGDK.N,cytop,69145,93551,90464,198044,237643,379509,295062,302002
TRUE,K.EKVLATVTKPVGGDK.N,nuclei,97422,189032,168897,452802,572891,528642,486895,482490
TRUE,K.EKYEITEQR.K,nuclei,213392,467214,428123,855782,905403,822253,855647,541376
TRUE,K.ELEVLLMCNK.S,nuclei,712934,1085059,1080855,1598325,1682816,1630560,1670537,1181429
TRUE,K.EQIVPKPEEEVAQK.K,cytop,204535,336539,315587,881717,807625,1208774,1238623,1191793
TRUE,K.EQIVPKPEEEVAQK.K,nuclei,392565,797149,766015,1243963,1398750,1130316,1089555,636439
TRUE,K.EQIVPKPEEEVAQKK.K,cytop,140537,174050,141114,229376,218903,400107,316300,265018
TRUE,K.EQIVPKPEEEVAQKK.K,nuclei,282877,444796,476255,622499,673660,626914,607236,344500
TRUE,K.EVPAVPETLK.K,nuclei,363781,587322,746002,679655,848316,894130,576645,542295
TRUE,K.EVPAVPETLKK.K,nuclei,349663,791599,1075522,1043044,1326829,1423373,1039965,935202
TRUE,K.FFEVILIDPFHK.A,cytop,420829,889324,304199,2562011,1384295,3785849,4013532,2901115
TRUE,K.FFEVILIDPFHK.A,nuclei,1445659,4171530,4843127,6940303,8215342,6831264,5537730,3507051
TRUE,K.FGVICLEDLIHEIAFPGK.H,nuclei,65526,219575,263059,285514,286241,294567,223328,171052
TRUE,K.FLDGIYVSEK.G,cytop,207878,369940,351940,739429,597109,1189596,962878,755344
TRUE,K.FLDGIYVSEK.G,nuclei,921278,1568456,2304023,2982179,3201091,2893398,2378025,1741914
TRUE,K.FLETVELQISLK.N,nuclei,61679,88316,89963,131632,144569,116840,101955,89175
TRUE,K.FNADEFEDMVAEK.R,cytop,77206,102701,58212,310257,221576,436465,534387,435492
TRUE,K.FNADEFEDMVAEK.R,nuclei,347041,1167014,1198457,1790153,1960026,1738116,1314038,979290
TRUE,K.FNADEFEDMVAEKR.L,cytop,59220,143042,85152,472923,477087,1076291,949085,829533
TRUE,K.FNADEFEDMVAEKR.L,nuclei,219072,530141,772145,943468,1091331,1060392,819291,804042
TRUE,K.FPLTTESAMK.K,cytop,116689,135707,275233,350171,400607,529393,429986,369090
TRUE,K.FPLTTESAMK.K,nuclei,61268,94482,122003,194295,219813,202348,231324,157353
TRUE,K.FSVCVLGDQQHCDEAK.A,cytop,350529,497227,407126,1168296,842354,1786855,1410675,1097495
TRUE,K.FSVCVLGDQQHCDEAK.A,nuclei,654707,1107509,1258363,1994969,2207806,1886493,1750532,1462412
TRUE,K.FTLDCTHPVEDGIMDAANFEQFLQER.I,cytop,35703,46573,53729,108966,63367,175566,123909,104942
TRUE,K.FTLDCTHPVEDGIMDAANFEQFLQER.I,nuclei,221488,271920,496323,688260,651584,718133,785104,403789
TRUE,K.FVIATSTK.I,cytop,270699,362694,518843,893939,848020,1483101,1193460,983721
TRUE,K.FVIATSTK.I,nuclei,1694290,3128809,3726373,5682767,6420425,5284475,4689537,3453903
TRUE,K.GATYGKPVHHGVNQLK.F,cytop,70049,118165,94488,234233,171815,295739,173422,322385
TRUE,K.GATYGKPVHHGVNQLK.F,nuclei,750121,1520452,1426698,1599783,1878369,1853523,1354112,1970672
TRUE,K.GAVDGGLSIPHSTK.R,cytop,164226,238179,483568,228106,222829,498754,249438,462471
TRUE,K.GAVDGGLSIPHSTK.R,nuclei,720446,863598,489661,627276,639404,685147,812891,1767866
TRUE,K.GCGTVLLSGPR.K,cytop,29663,45583,37958,96871,68748,155803,131724,107485
TRUE,K.GCGTVLLSGPR.K,nuclei,121693,219013,260476,326076,392788,359004,323929,264080
TRUE,K.GCVVGTK.K,cytop,78573,109700,95023,216725,185155,330938,267235,264075
TRUE,K.GCVVGTK.K,nuclei,1415772,2264642,2238792,3137050,3495709,3415763,3146905,3325007
TRUE,K.GHRIEEVPELPLVVEDKVEGYK.K,nuclei,93402,165593,181643,229245,218759,216646,242236,231440
TRUE,K.GIVKDIIHDPGR.G,cytop,336359,638155,1458288,1290468,1780431,3899839,764622,1922740
TRUE,K.GIVKDIIHDPGR.G,nuclei,2633403,3942296,4875343,5245302,5985965,8159086,2891203,7523434
TRUE,K.GKDSLYAQGK.R,cytop,159815,262852,536284,651240,671204,1210701,867378,852425
TRUE,K.GKDSLYAQGK.R,nuclei,462259,750847,750963,1011377,1297596,1344700,1403761,1454754
TRUE,K.GKYKEETIEK.M,nuclei,5484,8298,8369,10389,9169,16683,14965,16677
TRUE,K.GLDVDSLVIEHIQVNK.A,cytop,77236,128615,103628,309765,270020,514133,438528,436622
TRUE,K.GLDVDSLVIEHIQVNK.A,nuclei,811223,1654348,1405280,2232211,2303560,2136402,2222551,1512871
TRUE,K.GLDVDSLVIEHIQVNKAPK.M,nuclei,381916,371090,600360,477298,561673,718642,700084,962545
TRUE,K.GMGTVQK.G,nuclei,90916,126250,120560,158661,186829,204752,151493,147408
TRUE,K.GQILMPNIGYGSNKK.T,cytop,38291,60010,45395,96628,87553,163564,130157,113877
TRUE,K.GQILMPNIGYGSNKK.T,nuclei,372315,496589,500961,684275,644386,644080,677114,552474
TRUE,K.GQSEEIQK.K,nuclei,676067,1059295,1044049,1352132,1580293,1466757,1387012,1124413
TRUE,K.GSAITGPVAK.E,cytop,482071,659179,566511,1428269,1177026,2467425,1581136,1654613
TRUE,K.GSAITGPVAK.E,nuclei,870686,1117474,1405509,1542769,1890604,1733462,1572621,1348290
TRUE,K.GTSSFGK.R,nuclei,300635,446498,456900,846116,954641,804585,825487,548578
TRUE,K.GTVQQADE.-,cytop,347033,381948,184518,330975,182132,469925,321810,308016
TRUE,K.GTVQQADE.-,nuclei,70751,79678,69100,81119,89440,85387,83730,81560
TRUE,K.GTWVQLK.R,cytop,230431,345046,260754,680023,565134,1103812,884550,819998
TRUE,K.GVVVVIK.R,cytop,617337,862888,680147,2082446,1716898,4005046,478841,2383472
TRUE,K.GVVVVIK.R,nuclei,2033197,3963670,3614564,5081443,5504927,5152518,4704762,3696658
TRUE,K.HGVVPLATYMR.I,cytop,82330,134249,105031,266189,259880,465959,417697,323544
TRUE,K.HGVVPLATYMR.I,nuclei,154555,236539,313198,451617,503427,463749,400232,337683
TRUE,K.HIMGQNVADYMR.Y,cytop,120467,136986,136103,255440,197164,406368,307939,267692
TRUE,K.HIMGQNVADYMR.Y,nuclei,148766,188997,260037,318906,329020,307728,303705,237327
TRUE,K.HLTDAYFK.K,nuclei,3056008,2484771,2018156,2234990,2061946,2067878,2160970,2687636
TRUE,K.HLTDAYFKK.K,nuclei,613564,721309,748546,957061,916431,996843,1017821,1351476
TRUE,K.HSGNITFDEIVNIAR.Q,cytop,271953,417252,413973,718222,564757,1087179,837678,756040
TRUE,K.HSGNITFDEIVNIAR.Q,nuclei,386745,645293,837619,1280081,1357938,1303510,1064305,1082398
TRUE,K.IDISNVKIPK.H,nuclei,1071295,1213443,2405519,1943414,2450088,2952614,2712215,3666262
TRUE,K.IDKYTEVLK.T,nuclei,381806,743949,873692,1211035,1426840,1295014,930916,781219
TRUE,K.IEGVYARDETEFYLGK.R,nuclei,118032,207526,254476,327154,390359,367318,313475,224326
TRUE,K.IGPLGLSPK.K,cytop,199358,329560,289870,660628,551538,1037479,773961,676020
TRUE,K.IGPLGLSPK.K,nuclei,281315,432472,636063,863159,892901,864672,695208,702584
TRUE,K.IGQGYLIK.D,cytop,131551,178587,166029,345205,274889,457492,406012,278886
TRUE,K.IGQGYLIK.D,nuclei,208917,354144,460682,680959,786469,646912,563736,347986
TRUE,K.IGQGYLIKDGK.L,nuclei,257329,555582,678675,745974,766393,703622,551532,485552
TRUE,K.ILTFDQLALDSPK.G,cytop,610519,1037953,571980,2188822,1545318,3373418,2946758,2654512
TRUE,K.ILTFDQLALDSPK.G,nuclei,1275188,2678616,2993736,3467402,4719683,3619335,3478094,2776902
TRUE,K.ITVTSEVPFSK.R,cytop,704626,931733,651823,2577355,1897180,3637643,2973297,2586551
TRUE,K.ITVTSEVPFSK.R,nuclei,656563,1064293,1745499,2291263,2308963,2262609,2496481,1010311
TRUE,K.ITVTSEVPFSKR.Y,cytop,69175,116273,217507,255259,299600,782359,323297,308068
TRUE,K.ITVTSEVPFSKR.Y,nuclei,680524,1012113,1524988,1561885,1743703,1935402,1919860,1556898
TRUE,K.KAAVGVK.K,nuclei,2089948,3902527,5140258,7632534,8651460,7613894,7732634,6396487
TRUE,K.KAFMGPLKK.D,cytop,152861,230795,103041,236283,298311,605921,348539,368981
TRUE,K.KAPAQKVPAQK.A,nuclei,184954,86006,148078,110958,127924,154461,156219,171739
TRUE,K.KAQLNIGNVLPVGTMPEGTIVCCLEEKPGDR.G,nuclei,111792,246892,282764,413026,442353,458211,464740,313294
TRUE,K.KAQLVVIAHDVDPIELVVFLPALCR.K,nuclei,90759,215399,270273,370307,409921,425278,353951,211127
TRUE,K.KGDSSAEELK.L,cytop,999276,1505596,1660462,3041997,4213940,5975851,4192592,4439279
TRUE,K.KGDSSAEELK.L,nuclei,375702,619173,761801,1039373,1187266,1028844,899895,645263
TRUE,K.KGKDSLYAQGK.R,nuclei,300983,350529,631873,556918,694277,1137287,215340,831215
TRUE,K.KGKPHCSR.N,nuclei,1269,2055,1204,2403,3408,3486,3340,2006
TRUE,K.KGQSEEIQK.K,cytop,269568,532928,409960,1279126,1634546,4509705,249830,2531766
TRUE,K.KGQSEEIQK.K,nuclei,243847,451335,574783,732559,893371,879498,781528,580235
TRUE,K.KIDKYTEVLK.T,nuclei,15848,30550,33987,41442,41945,52249,41151,48362
TRUE,K.KIEDNNTLVFIVDVK.A,nuclei,972516,1136905,1523533,2209019,2758986,2997521,3483335,3088683
TRUE,K.KKEVPAVPETLK.K,nuclei,84563,147179,250875,253627,314638,385957,324977,324943
TRUE,K.KLLADQAEAR.R,cytop,396278,762627,1367746,1901598,2410295,3733122,611105,2847321
TRUE,K.KLLADQAEAR.R,nuclei,83985,150984,177392,305634,315926,321349,324181,269148
TRUE,K.KLYDIDVAK.V,cytop,1668376,2252988,3774313,3291869,3836211,6601298,3480087,4135325
TRUE,K.KLYDIDVAK.V,nuclei,3802018,4493083,6807748,9120609,12415300,12194627,12479234,10981617
TRUE,K.KMQANNAK.A,cytop,329842,472204,1150328,1103669,1220555,1777843,984637,1194202
TRUE,K.KMQANNAK.A,nuclei,346213,449933,737826,1478779,1920119,1725756,1919075,1402764
TRUE,K.KSAEFLLHMLK.N,nuclei,637044,1026206,1319186,1620974,1875194,1709547,1182333,1265452
TRUE,K.KSSGEIVYCGQVFEK.S,cytop,118711,184458,70989,397537,157581,535225,636911,468983
TRUE,K.KSSGEIVYCGQVFEK.S,nuclei,222482,722984,709720,1050774,1340046,1035625,591666,509337
TRUE,K.KTAMAAAK.A,cytop,4813,9356,12505,33447,44786,68516,56460,44937
TRUE,K.KTAMAAAK.A,nuclei,365945,479639,896477,1977874,3039258,2340311,2922201,2176166
TRUE,K.KVAPAPAVVK.K,cytop,977485,1207493,1064836,1700055,1170574,2789998,1740788,1954112
TRUE,K.KVAPAPAVVK.K,nuclei,266234,421741,594960,676577,794889,767131,768178,534965
TRUE,K.KVGDDIAK.A,cytop,3579561,5442513,4443205,10100000,8407448,19600000,1119576,12400000
TRUE,K.KVGDDIAK.A,nuclei,8209225,15500000,19000000,35200000,37600000,60600000,59300000,44200000
TRUE,K.KVGIVGK.Y,cytop,706338,1123212,724522,2529233,2329733,2121967,1855668,3003133
TRUE,K.KVHPAVVIR.Q,nuclei,12514,17847,24443,25765,25108,24398,24806,21754
TRUE,K.KVVNPLFEK.R,cytop,992974,1659349,1473323,4114953,3354114,6871760,1634638,4836700
TRUE,K.KVVNPLFEK.R,nuclei,2087961,3509645,4545710,6098783,7055624,6888663,5931897,4710252
TRUE,K.KVWLDPNETNEIANANSR.Q,nuclei,87650,131981,166640,233790,241954,226674,231295,184811
TRUE,K.KYDAFLASESLIK.Q,cytop,4172699,3951186,2344583,2547402,1374535,3706273,2366269,2004433
TRUE,K.KYDAFLASESLIK.Q,nuclei,440151,857821,982900,1550953,1820938,1617788,1352973,1246448
TRUE,K.LAPGGHVGR.F,cytop,54954,70462,78714,124245,139199,215270,177820,156525
TRUE,K.LAPGGHVGR.F,nuclei,527919,1152987,1305046,1797973,1735401,1542841,1402197,1006046
TRUE,K.LCLNICVGESGDR.L,nuclei,40171,49401,52458,79993,77806,69762,60766,51598
TRUE,K.LDHYAIIK.F,nuclei,306132,458773,360546,721520,809671,744889,1024578,578263
TRUE,K.LKQSLPPGLAVK.E,nuclei,738263,735576,1104362,1230650,1314846,1286493,1284111,1098314
TRUE,K.LLADQAEAR.R,cytop,315606,492840,1016508,1271904,1539343,1893031,820614,1605241
TRUE,K.LLADQAEAR.R,nuclei,286073,502242,560855,1036462,1080015,1074292,971935,741760
TRUE,K.LQNKEHVIEALRR.A,nuclei,206671,544736,696777,851192,971557,998261,757835,769418
TRUE,K.LVAIVDVIDQNR.A,cytop,469567,723268,572458,1779001,1354883,2719244,2235681,2015041
TRUE,K.LVAIVDVIDQNR.A,nuclei,2172715,3790244,4883659,5535719,6581371,5742593,5940423,4722887
TRUE,K.LVILANNCPALR.K,cytop,81906,131209,37830,223086,85436,317573,305803,201252
TRUE,K.LVILANNCPALR.K,nuclei,150681,218815,260163,342139,385524,377791,351103,364907
TRUE,K.LWTLVSEQTR.V,cytop,114244,111496,73362,92245,49679,107672,89091,68470
TRUE,K.LWTLVSEQTR.V,nuclei,85278,115723,163758,243573,276572,249012,212041,127125
TRUE,K.LYTLVTYVPVTTFK.N,cytop,162127,193695,308932,791927,737483,1022503,1156003,822191
TRUE,K.LYTLVTYVPVTTFK.N,nuclei,105126,173480,255446,530309,652518,548434,518685,274939
TRUE,K.MQANNAK.A,nuclei,152115,199981,310091,633048,829524,735066,705623,464496
TRUE,K.MTDFDRFK.V,nuclei,594782,874409,1535956,1598968,1928396,2164592,1768601,1590617
TRUE,K.NAESNAELK.G,cytop,729148,692203,282117,544361,487108,809305,586312,422899
TRUE,K.NAESNAELK.G,nuclei,48057,74175,123186,163569,206038,166026,128680,69648
TRUE,K.NFGIGQDIQPK.R,cytop,84730,119147,104722,269009,214761,412287,317823,208848
TRUE,K.NFGIGQDIQPK.R,nuclei,162953,294691,507240,663372,794083,654076,525905,314582
TRUE,K.NIDDGTSDRPYSHALVAGIDRYPR.K,nuclei,81806,103496,112396,133577,186674,181013,194426,209166
TRUE,K.NKTGAAPIIDVVR.S,nuclei,382506,423405,1017824,905384,1087012,1221704,1095632,1341281
TRUE,K.NKWFFQK.L,nuclei,210448,268336,572789,605070,820185,947204,838568,822827
TRUE,K.NLQTVNVDEN.-,cytop,90305,95490,109207,130439,101692,178001,131417,113347
TRUE,K.NLYIISVK.G,cytop,309563,530939,428676,1301820,1042145,1940603,1670663,1286863
TRUE,K.NLYIISVK.G,nuclei,404129,706267,1030238,1348178,1457658,1146067,899183,622839
TRUE,K.NNASTDYDLSDK.S,cytop,50872,79177,85078,227347,186430,306548,262740,181877
TRUE,K.NNASTDYDLSDK.S,nuclei,137524,280076,450360,698562,769350,630634,507200,283110
TRUE,K.NSVTPDMMEEMYK.K,nuclei,15952,26700,34476,54787,58881,52269,63073,45275
TRUE,K.NSVTPDMMEEMYKK.A,nuclei,88832,112798,161723,241470,269950,242068,198892,151633
TRUE,K.NVTLPAVFK.A,cytop,75313,114626,130207,185624,196728,271560,221990,205549
TRUE,K.NVTLPAVFK.A,nuclei,159871,297533,437453,640962,671261,533446,453812,343871
TRUE,K.QFSQYIK.N,cytop,481110,702716,785376,1886690,1647325,3097331,2517530,1853272
TRUE,K.QFSQYIK.N,nuclei,409018,671165,1127687,1689420,1937609,1691466,1399854,970239
TRUE,K.QKKPLVGKK.A,nuclei,5715,12677,13839,21922,20890,51463,18213,53420
TRUE,K.QLASGLLLVTGPLVLNR.V,nuclei,26263,32969,32495,50371,57994,49392,46085,24995
TRUE,K.QLDDLKVELSQLR.V,cytop,190287,361849,379420,1006957,1035369,2078837,1504926,1423646
TRUE,K.QLEKDFSSMK.K,cytop,19852,34256,25964,48734,35773,76806,51612,51040
TRUE,K.QSLPPGLAVK.E,cytop,34246,52700,49338,228932,202161,347547,300904,231631
TRUE,K.QSLPPGLAVK.E,nuclei,158554,256430,402791,549389,599585,591956,576845,384258
TRUE,K.QTYSTEPNNLK.A,cytop,488420,473553,121930,355294,224675,452607,436515,312165
TRUE,K.QTYSTEPNNLK.A,nuclei,63218,123143,144803,232679,290628,225106,188061,95017
TRUE,K.QWGWTQGR.W,cytop,41439,54852,75712,122003,117645,217230,183370,141914
TRUE,K.QWGWTQGR.W,nuclei,70634,114595,168641,234322,261911,251895,216805,127714
TRUE,K.RAAVAASSSS.-,cytop,83156,104126,311251,261510,323575,488049,329239,266778
TRUE,K.RAAVAASSSS.-,nuclei,63861,64362,104069,158366,170877,182800,183610,147322
TRUE,K.RAFLIEEQK.I,cytop,94128,119645,141593,216132,216465,419131,324787,290297
TRUE,K.RFPGYDSESK.E,cytop,825836,1108224,672261,2104327,1640232,2772975,2455593,2538802
TRUE,K.RFPGYDSESK.E,nuclei,517596,889215,1056007,1786836,1898144,1661504,1566720,1089938
TRUE,K.RIALTDNALIAR.S,nuclei,75247,88782,114010,103821,111819,149696,114443,176333
TRUE,K.RLIPDGCGVK.Y,nuclei,605776,544509,751246,692612,665154,645465,529833,494898
TRUE,K.RNQSFCPTVNLDK.L,nuclei,48721,71953,95683,145552,167859,143595,119155,82576
TRUE,K.RTELFIAAEGIHTGQFVYCGK.K,nuclei,212917,410005,466345,636614,783937,727441,724980,523565
TRUE,K.SACGVCPGR.L,cytop,37461,61908,47272,167661,143720,295098,249399,191419
TRUE,K.SACGVCPGR.L,nuclei,60497,107061,157235,233587,298849,272945,236078,145644
TRUE,K.SAEFLLHMLK.N,cytop,638465,1002946,1162385,2023933,2165076,3546419,533221,2756544
TRUE,K.SAEFLLHMLK.N,nuclei,862448,1453722,1678078,2252436,2546210,2270604,2147143,1756489
TRUE,K.SEIEYYAMLAK.T,nuclei,34829,43726,34999,53732,58908,48022,40408,54609
TRUE,K.SFPKDDPSKPVHLTAFLGYK.A,nuclei,112768,184631,167471,180667,177603,192579,202029,260964
TRUE,K.SKITVTSEVPFSK.R,cytop,225201,430454,497587,970543,1026555,2133729,1392654,1308010
TRUE,K.SKITVTSEVPFSK.R,nuclei,1279841,2155296,3460982,3959294,4430774,4958849,5741210,3287773
TRUE,K.SKITVTSEVPFSKR.Y,nuclei,206493,235468,533980,433640,525624,527330,711511,789951
TRUE,K.SLESINSR.L,cytop,169689,263824,176853,620269,341171,943772,1001679,819564
TRUE,K.SLESINSR.L,nuclei,565906,664161,868232,1205079,1253317,953066,703100,451723
TRUE,K.SNYNLPMHK.M,cytop,1109885,1363081,2368930,2197912,2036452,3471201,2339495,2067929
TRUE,K.SNYNLPMHK.M,nuclei,773151,1150116,1352170,1810819,1868135,1615963,1355210,1285739
TRUE,K.SSGEIVYCGQVFEK.S,cytop,16854,28899,8574,85958,30955,85476,124206,78438
TRUE,K.SSGEIVYCGQVFEK.S,nuclei,19597,55096,68303,105703,126189,102310,58305,42690
TRUE,K.STESLQANVQR.L,cytop,190434,298737,328392,684377,645911,1220382,930121,762564
TRUE,K.STESLQANVQR.L,nuclei,560625,947799,1333735,1847579,2041405,1926175,1821439,1582503
TRUE,K.SVNELIYK.R,cytop,531675,785283,581581,1513322,1091703,1888370,1964584,1639087
TRUE,K.SVNELIYK.R,nuclei,1451103,3095274,4157641,4098582,5605486,5337566,3296577,2426508
TRUE,K.SVNELIYKR.G,nuclei,638438,1090828,1871195,1509258,2066978,2453720,1369933,1557767
TRUE,K.SYCAEIAHNVSSK.N,cytop,871796,1166652,1037323,2000059,1802793,3477105,2463004,2793376
TRUE,K.SYCAEIAHNVSSK.N,nuclei,897002,1157190,1411919,1774168,2060906,1912971,2054577,1938159
TRUE,K.TAMAAAK.A,cytop,156687,245301,427078,1020077,1189320,1340890,358937,1195367
TRUE,K.TAMAAAK.A,nuclei,114827,137236,265121,545342,801771,782926,670550,411625
TRUE,K.TAVVVGTITDDVR.V,cytop,117909,169524,133833,367211,259048,502919,529996,398824
TRUE,K.TAVVVGTITDDVR.V,nuclei,313254,669214,870916,1085193,1490358,1173833,849035,711533
TRUE,K.TCTTVAFTQVNSEDKGALAK.L,cytop,34987,62107,35605,182958,136196,282468,234164,171764
TRUE,K.TCTTVAFTQVNSEDKGALAK.L,nuclei,102771,242729,328109,520245,598139,524452,381856,225586
TRUE,K.TGAAPIIDVVR.S,cytop,337463,432889,249838,766827,610300,1027856,835753,657908
TRUE,K.TGAAPIIDVVR.S,nuclei,498881,928711,1076566,1610254,1786991,1477181,1244193,998775
TRUE,K.TILSNQTVDIPENVDITLK.G,cytop,61242,85166,84233,280305,208527,433466,379282,308465
TRUE,K.TILSNQTVDIPENVDITLK.G,nuclei,467071,1068045,1471497,2003745,2354902,2157484,1669024,1321517
TRUE,K.TIPLTDNTVIEEHLGK.F,nuclei,52411,161465,191776,208527,207083,210278,154843,134263
TRUE,K.TKEAVLLLK.K,cytop,199505,405236,498947,848702,893876,1011794,612960,1160859
TRUE,K.TKEAVLLLK.K,nuclei,442868,889561,1013272,1398860,1444596,1271269,1072598,922221
TRUE,K.TLSKEEETKK.-,cytop,13217,24045,58624,75231,82820,133429,94772,76133
TRUE,K.TTHFVEGGDAGNREDQINR.L,cytop,11794,18317,14305,31093,24422,55839,51911,43149
TRUE,K.TTHFVEGGDAGNREDQINR.L,nuclei,158219,401855,411541,461350,526934,534722,380987,325310
TRUE,K.TVAGGAWTYNTTSAVTVK.S,cytop,61680,89910,55020,274806,185030,401377,395584,286092
TRUE,K.TVAGGAWTYNTTSAVTVK.S,nuclei,61922,79874,75293,95307,106458,109421,117605,119372
TRUE,K.TVFAEHISDECK.R,nuclei,802495,1359916,1046099,1416794,1422503,1383809,1311112,1668883
TRUE,K.TVFAEHISDECKR.R,nuclei,611813,1013893,489871,606541,585813,689423,794366,1241523
TRUE,K.TVGVEPAADGK.G,cytop,952412,1284439,1091890,2884543,2379930,4259909,3705940,2879127
TRUE,K.TVGVEPAADGK.G,nuclei,584014,1230975,1648014,2412865,2772340,2556739,1856906,1184979
TRUE,K.TVGVEPAADGKGVVVVIK.R,nuclei,100101,183920,230611,243383,236894,217899,182595,174012
TRUE,K.VAPAPAVVK.K,cytop,414763,594586,525280,1475759,1139452,1410004,727094,1584509
TRUE,K.VAPAPAVVK.K,nuclei,317869,508597,695638,887129,968939,966409,895648,653679
TRUE,K.VAPAPAVVKK.Q,cytop,103683,157953,143146,299940,311633,570615,385777,360291
TRUE,K.VDEFPLCGHMVSDEYEQLSSEALEAAR.I,cytop,7555,8652,8148,17907,15018,31000,28270,30197
TRUE,K.VDEFPLCGHMVSDEYEQLSSEALEAAR.I,nuclei,56549,114767,120958,184257,183563,185837,130380,154275
TRUE,K.VEEIAASK.C,cytop,63166,95182,39040,203735,92852,294083,274526,210999
TRUE,K.VEEIAASK.C,nuclei,527830,1362318,1547738,1899235,2118324,1725063,1175957,989499
TRUE,K.VELCSFSGYK.I,nuclei,1558336,805119,763517,559611,460512,316683,277527,133894
TRUE,K.VFQFLNAK.C,cytop,117971,145723,159150,332596,383562,572426,504428,354618
TRUE,K.VFQFLNAK.C,nuclei,377590,761293,924109,1358391,1707237,1536308,1232962,771740
TRUE,K.VGDDIAK.A,cytop,177959,238066,222022,410349,391063,794193,658456,611124
TRUE,K.VGDDIAK.A,nuclei,65068,93341,106153,174448,184561,188179,158915,151604
TRUE,K.VGLTNYAAAYCTGLLLAR.R,cytop,23178,36938,40491,99434,76559,174172,133134,106205
TRUE,K.VGLTNYAAAYCTGLLLAR.R,nuclei,95465,198739,311432,364748,412970,409963,334365,214683
TRUE,K.VISSANR.A,nuclei,1804752,2367694,3441952,4193488,5388578,4710798,4763742,3532659
TRUE,K.VLATVTKPVGGDK.N,nuclei,71056,121426,129443,376295,490377,350140,319863,206788
TRUE,K.VLEQLTGQTPVFSK.A,cytop,284685,435738,303482,1068481,626321,1711460,1451507,1273344
TRUE,K.VLEQLTGQTPVFSK.A,nuclei,789983,1567669,1948043,2430571,2802730,2516088,2184643,1868053
TRUE,K.VNTLIRPDGEKK.A,cytop,111552,131521,296636,308708,343601,519336,413749,330369
TRUE,K.VPPAINQFTQALDR.Q,nuclei,384951,153854,271583,106501,60777,53928,30601,28783
TRUE,K.VTGGAASK.L,cytop,49897,73627,71849,216826,199233,310920,273604,201054
TRUE,K.VTGGAASK.L,nuclei,127010,177237,248464,329402,405017,386653,386033,254086
TRUE,K.VVNPLFEK.R,nuclei,506681,905170,989559,1438139,1758461,1540105,1372243,1056144
TRUE,K.VWLDPNETNEIANANSR.Q,cytop,64105,52506,73160,98020,102738,163252,130895,119486
TRUE,K.VWLDPNETNEIANANSR.Q,nuclei,65403,71127,83723,132877,123772,107620,89202,86662
TRUE,K.VYNYNHLMPTR.Y,cytop,942125,992223,804701,777329,520783,956653,756179,827751
TRUE,K.VYNYNHLMPTR.Y,nuclei,119259,171229,166344,236045,257180,266156,278597,297355
TRUE,K.YDGIILPGK.-,cytop,290266,518811,530540,1610042,1264728,2568751,2074050,1664143
TRUE,K.YDGIILPGK.-,nuclei,728321,1593733,2365679,3106930,3215457,2775335,2319476,1569182
TRUE,K.YDPSIGIYGLDFYVVLGR.P,nuclei,15358,12809,15249,17265,18290,15932,13026,18989
TRUE,K.YDPSIGIYGLDFYVVLGRPGFSIADKK.R,nuclei,87031,155496,214036,277065,290233,247855,235692,223864
TRUE,K.YEITEQR.K,nuclei,50024,93093,103783,213021,249128,205873,205036,129290
TRUE,K.YGIICMEDLIHEIYTVGK.R,cytop,598726,893494,630829,1507643,1079424,2218130,2264357,1682600
TRUE,K.YGIICMEDLIHEIYTVGK.R,nuclei,521730,1408070,1559057,2133430,2085655,1568102,1100147,775159
TRUE,K.YGIICMEDLIHEIYTVGKR.F,cytop,42170,85600,155354,142123,138151,370228,239763,179400
TRUE,K.YGIICMEDLIHEIYTVGKR.F,nuclei,228858,496077,790898,770144,705307,736015,483617,700008
TRUE,K.YHPGYFGK.V,cytop,1985651,2852655,1410752,5157004,3800828,8866201,1049538,6532249
TRUE,K.YHPGYFGK.V,nuclei,2068157,3818981,2725645,4540821,4577822,3712482,3765131,3038497
TRUE,K.YKEETIEK.M,nuclei,387026,703474,796936,1198606,1441429,1179528,1206811,656870
TRUE,K.YLKDVTLQK.Q,cytop,319945,518195,757562,926515,1344140,2672150,942936,1268903
TRUE,K.YLKDVTLQK.Q,nuclei,1682591,2267514,3696564,3834323,4936753,5101262,4506119,3808239
TRUE,R.AAVAASSSS.-,cytop,1432426,1459187,2028979,1440412,1206012,2201660,1396053,1437580
TRUE,R.AAVAASSSS.-,nuclei,259901,210263,235934,277193,296471,275761,293635,222228
TRUE,R.AFLIEEQK.I,cytop,560313,901323,575635,2063235,1632548,4411741,737671,2512059
TRUE,R.AFLIEEQK.I,nuclei,542647,713855,825533,1122070,1308345,1202716,1245110,1029892
TRUE,R.AGVNTVTTLVENK.K,cytop,99064,127003,73619,238336,155654,441248,332345,303401
TRUE,R.AGVNTVTTLVENK.K,nuclei,371919,709747,800821,936405,1274788,1125294,911185,614509
TRUE,R.AGVNTVTTLVENKK.A,cytop,169347,279136,141850,551163,360051,1045425,771049,757358
TRUE,R.AGVNTVTTLVENKK.A,nuclei,372784,729234,860938,1187510,1314026,1221911,1019337,844071
TRUE,R.AHGNSGMVR.A,nuclei,17335,31198,40730,54230,62449,66426,56942,39068
TRUE,R.AHSIQIMK.V,nuclei,398816,875928,853086,1116186,1120941,1026636,775364,739586
TRUE,R.AITGASLADIMAK.R,cytop,239933,360673,592539,1148513,1162563,2332450,2150587,2126024
TRUE,R.AITGASLADIMAK.R,nuclei,155218,191638,319976,532437,694877,766048,841224,699394
TRUE,R.AKEAAEQDVEK.K,cytop,880519,1161148,1569255,2894862,3482129,5404318,2813974,4396127
TRUE,R.AKEAAEQDVEK.K,nuclei,1534448,2094711,2654856,4154832,4712107,4782086,5040937,4328711
TRUE,R.ALVDGPCTQVR.R,cytop,132006,214741,154454,374311,298202,739738,494809,514871
TRUE,R.ALVDGPCTQVR.R,nuclei,357219,370164,384444,440392,465335,470847,437829,369041
TRUE,R.ASGNYATVISHNPETK.K,cytop,273251,405050,567195,739425,781889,1504886,1162959,1051974
TRUE,R.ASGNYATVISHNPETK.K,nuclei,288597,425044,507483,663023,707091,710388,707350,621099
TRUE,R.ASGNYATVISHNPETKK.T,nuclei,1389789,2201786,2518404,3251717,3661671,3908596,3718485,4247082
TRUE,R.ASITPGTILIILTGR.H,cytop,20881,24183,29687,66522,59941,106815,97197,98783
TRUE,R.ASITPGTILIILTGR.H,nuclei,21958,38580,40104,59013,67623,61041,53443,41393
TRUE,R.AVDFAER.H,cytop,548159,784470,1460055,1943474,1967599,3555260,2434594,2473151
TRUE,R.AVDFAER.H,nuclei,1468675,2163680,2382805,2999068,3386977,3139900,3131296,3025808
TRUE,R.AVGIWHCGSCMK.T,cytop,193462,310948,151455,503607,296059,948971,742796,722322
TRUE,R.AVVGVVAGGGR.I,cytop,169508,210913,238664,307917,322067,582910,382078,365077
TRUE,R.AVVGVVAGGGR.I,nuclei,308861,448521,542315,741867,871394,802636,783238,684673
TRUE,R.AYGGSMCAK.C,cytop,40807,53572,36346,114343,91387,188470,161180,135124
TRUE,R.AYGGSMCAK.C,nuclei,112309,169495,199787,277290,287446,293955,267759,188540
TRUE,R.CEGINISGNFYR.N,nuclei,34286,36654,42602,66812,71908,48369,39088,23746
TRUE,R.CTGGEVGATSALAPK.I,cytop,24030,34266,34967,90124,76245,115970,103340,57063
TRUE,R.CTGGEVGATSALAPK.I,nuclei,22479,49027,74381,108828,125285,108773,80878,50660
TRUE,R.DETEFYLGK.R,cytop,88093,112945,25113,359879,147630,341683,476257,359099
TRUE,R.DETEFYLGK.R,nuclei,207373,578729,467380,860188,999643,732787,607708,326887
TRUE,R.DFNHINVELSLLGK.K,cytop,705861,1099171,610960,2572931,1359578,4029608,3796834,3259598
TRUE,R.DFNHINVELSLLGK.K,nuclei,1327810,2546460,2669175,3661325,3931844,3648180,3105156,2678269
TRUE,R.DFNHINVELSLLGKK.K,nuclei,279232,376496,568975,562493,656022,728620,626330,921583
TRUE,R.DIICQIAYAR.I,cytop,88697,136489,76119,351032,190652,431434,456394,361956
TRUE,R.DIICQIAYAR.I,nuclei,119415,246253,210477,354598,412336,366758,297962,214001
TRUE,R.DLTTAGAVTQCYR.D,cytop,52163,74738,24065,119501,43819,158652,160619,106765
TRUE,R.DLTTAGAVTQCYR.D,nuclei,90493,245943,228933,328481,361629,292058,206430,154577
TRUE,R.DTLYEAVR.E,cytop,216133,297754,213096,745490,478092,1115181,890777,703048
TRUE,R.DTLYEAVR.E,nuclei,486629,857140,1048538,1720270,1948017,1590869,1485777,1076406
TRUE,R.EELSNVLAAMR.K,cytop,62703,86641,55134,110259,68780,160363,121811,109061
TRUE,R.EELSNVLAAMR.K,nuclei,82884,147984,179098,334043,379123,356902,317772,234772
TRUE,R.EHTALLK.I,cytop,163023,207928,98244,431152,175822,557419,552860,451511
TRUE,R.ELSGTIKEILGTAQSVGCNVDGR.H,cytop,59603,84286,103045,113497,103822,265073,142569,117483
TRUE,R.ELSGTIKEILGTAQSVGCNVDGR.H,nuclei,104113,123209,217508,276702,302359,325436,332529,298996
TRUE,R.ERLEQQVPVNQVFGQDEMIDVIGVTK.G,cytop,26488,37185,35188,63075,62741,115500,84316,85825
TRUE,R.ERLEQQVPVNQVFGQDEMIDVIGVTK.G,nuclei,173114,303073,424533,481132,521694,436225,455492,432405
TRUE,R.EVCGFAPYER.R,cytop,205120,328220,430814,699183,763466,1346232,1069041,847825
TRUE,R.EVCGFAPYER.R,nuclei,329346,505159,602548,792710,810260,801251,774887,597277
TRUE,R.EVLHGNQR.K,nuclei,17761,28196,25914,43975,48362,46842,44836,35982
TRUE,R.EYRDLTTAGAVTQCYR.D,nuclei,98782,198377,234632,246040,280482,281561,214913,241697
TRUE,R.FCIWTESAFR.K,cytop,110866,165272,220775,332064,316825,586233,489189,381228
TRUE,R.FCIWTESAFR.K,nuclei,248566,588104,768179,1110619,1095206,996055,801590,526002
TRUE,R.FKEANNFLWPFK.L,cytop,32183,27228,38725,86155,62817,121861,110013,89573
TRUE,R.FKEANNFLWPFK.L,nuclei,1436799,3214904,5459649,4716868,6358302,7073207,4545924,3931967
TRUE,R.FKGQILMPNIGYGSNK.K,cytop,109510,146672,169966,389242,324856,589068,483681,416307
TRUE,R.FKGQILMPNIGYGSNKK.T,nuclei,870458,1359362,2007586,2740014,2988813,2840365,2604911,2084389
TRUE,R.FPGYDSESK.E,cytop,99667,142519,106817,378091,295183,538121,475111,477307
TRUE,R.FPGYDSESK.E,nuclei,27740,59688,62934,124710,121970,94622,91779,68837
TRUE,R.FQTMEEK.K,nuclei,1301214,2003424,3019741,3855612,4386945,3736994,3016541,2220399
TRUE,R.FWYFVSQLK.K,cytop,101655,124061,46754,252959,117293,302437,435979,335091
TRUE,R.FWYFVSQLK.K,nuclei,161795,522438,480441,777565,1027670,730690,415997,269519
TRUE,R.FWYFVSQLKK.M,cytop,51378,90530,40822,194983,86219,249740,324857,197811
TRUE,R.FWYFVSQLKK.M,nuclei,219100,497700,680281,909985,1136057,937905,656866,521258
TRUE,R.GAKAEEILEK.G,nuclei,1141272,1559874,2267267,1794544,2047147,2321808,2299740,3042831
TRUE,R.GFSLEELR.V,cytop,280559,412528,505251,953327,1040588,1511564,568121,1263620
TRUE,R.GFSLEELR.V,nuclei,478012,628464,705913,893379,1032064,946979,947061,940804
TRUE,R.GHVSHGHGR.I,cytop,674,1035,1556,1141,1084,1672,1496,1306
TRUE,R.GINGVSPK.V,cytop,219828,328161,250699,695357,347165,905669,855507,626061
TRUE,R.GINGVSPK.V,nuclei,230345,408176,468042,477829,659507,706923,449667,403027
TRUE,R.GPCIIYNEDNGIIK.A,nuclei,30135,40967,35190,59724,49634,46504,38244,37805
TRUE,R.GRGGSSGAK.F,nuclei,113751,173176,250252,271554,295887,316479,301382,354370
TRUE,R.HFNAPSHIR.R,cytop,1889,3723,2695,5519,3806,12006,5887,5604
TRUE,R.HGSLGFLPR.K,cytop,113763,111657,117380,186644,169959,309729,225312,204615
TRUE,R.HGSLGFLPR.K,nuclei,201205,323178,389277,471591,533078,499363,455161,408401
TRUE,R.HMGIGKR.K,nuclei,2653,3442,6981,6929,7953,7728,6151,7472
TRUE,R.HPHDIIDDINSGAVECPAS.-,cytop,95790,102029,54653,105680,65375,157527,112148,103580
TRUE,R.HPHDIIDDINSGAVECPAS.-,nuclei,644674,493147,602537,659336,616398,623884,668455,557232
TRUE,R.HQEGEIFDTEK.E,nuclei,49553,118542,117056,244740,275580,208020,173870,91028
TRUE,R.HQEGEIFDTEKEK.Y,cytop,91599,135779,133274,536950,551809,1114635,174697,738763
TRUE,R.HQEGEIFDTEKEK.Y,nuclei,426920,980186,1004083,2221189,2437602,2073126,1622408,981016
TRUE,R.HQEGEIFDTEKEKYEITEQR.K,cytop,352544,581272,1055503,1552045,1826499,3354745,2159510,1929787
TRUE,R.HQEGEIFDTEKEKYEITEQR.K,nuclei,141977,309962,347231,552883,613903,624377,588511,478693
TRUE,R.IALTDNALIAR.S,cytop,574889,734611,719061,1408180,1072491,2204733,1877468,1661072
TRUE,R.IALTDNALIAR.S,nuclei,1672032,2049375,2594984,1944779,2283221,2472120,1513855,1345095
TRUE,R.IEEVPELPLVVEDK.V,nuclei,63357,225403,155917,363229,347355,239134,234336,111894
TRUE,R.IEEVPELPLVVEDKVEGYK.K,cytop,106351,137805,114046,390035,332392,467095,481579,460326
TRUE,R.IEEVPELPLVVEDKVEGYK.K,nuclei,196292,460443,436769,750441,748773,594242,602356,327915
TRUE,R.IEEVPELPLVVEDKVEGYKK.T,cytop,210308,305913,296188,622112,645432,1100377,900461,770998
TRUE,R.IEEVPELPLVVEDKVEGYKK.T,nuclei,1088552,2561081,2416683,4081657,3924616,3336869,3247200,2188430
TRUE,R.IEGDMIVCAAYAHELPK.Y,cytop,54973,62837,29746,85985,47745,124014,106211,107366
TRUE,R.IEGDMIVCAAYAHELPK.Y,nuclei,884990,1371127,1529495,1951909,2148008,2088370,1782528,1547801
TRUE,R.IHGVGFK.K,cytop,2771981,3394111,3348931,4589986,3894824,6746542,4052032,3597958
TRUE,R.IHGVGFK.K,nuclei,3269897,4327218,7456142,11402025,14236306,12458606,10380079,7811626
TRUE,R.ILMEHIHK.L,cytop,81312,94885,133024,183763,214642,319241,230106,224244
TRUE,R.INFDKYHPGYFGK.V,cytop,1090334,2087660,2652865,3237549,4183658,12000000,78198,5607896
TRUE,R.INFDKYHPGYFGK.V,nuclei,127889,177035,253673,275303,298154,295370,281242,283677
TRUE,R.ISKEEAMR.W,nuclei,31805,30060,43290,43487,40058,31953,26876,26468
TRUE,R.ISLGLPVGAVINCADNTGAK.N,cytop,275727,529915,346017,1165164,886059,1642537,1385907,1132777
TRUE,R.ISLGLPVGAVINCADNTGAK.N,nuclei,1015446,1690587,2434561,3163765,3275027,2957358,2678628,1851158
TRUE,R.IVEPYIAWGYPNLK.S,cytop,108645,175893,172650,287044,228866,520718,480554,401699
TRUE,R.IVEPYIAWGYPNLK.S,nuclei,626768,1337527,1814498,1772784,1969254,2394933,1535190,1455778
TRUE,R.IVYLYTK.K,cytop,231455,331879,241246,756951,568046,1233650,1028932,874653
TRUE,R.IVYLYTK.K,nuclei,370516,538765,708400,889855,1082241,936277,741389,520120
TRUE,R.KAGNFYVPAEPK.L,cytop,1793340,2996466,2810466,6829682,4575038,15887749,1319420,8763473
TRUE,R.KAGNFYVPAEPK.L,nuclei,338764,719549,1041014,1009062,1311191,1398692,839417,737980
TRUE,R.KAYQALK.A,nuclei,92384,190986,256577,240784,271421,338126,303371,301177
TRUE,R.KFLDGIYVSEK.G,cytop,207954,355992,278218,772352,688085,1441139,239572,1018713
TRUE,R.KFLDGIYVSEK.G,nuclei,1307269,2395462,2678624,3118420,3299747,3333551,2907116,2624264
TRUE,R.KFLETVELQISLK.N,nuclei,148954,271518,266079,454136,498863,477449,441344,429612
TRUE,R.KFLVHNVK.E,cytop,143696,218123,192481,462286,436100,792598,660144,584167
TRUE,R.KFLVHNVK.E,nuclei,251301,373224,392625,498807,564466,564786,591787,443245
TRUE,R.KHGVVPLATYMR.I,cytop,419695,470444,422653,781900,667421,1341703,625234,949664
TRUE,R.KHGVVPLATYMR.I,nuclei,147182,192109,327704,363917,419936,415205,433157,361937
TRUE,R.KIEEIKDFLLTAR.R,cytop,556626,1190358,960839,4199732,3722220,9876699,1325091,6415049
TRUE,R.KIEEIKDFLLTAR.R,nuclei,4121042,6991035,8735582,11900000,12300000,8403339,13600000,12100000
TRUE,R.KIPLVPENLLK.K,nuclei,138563,351293,403385,401925,441531,584544,603048,569042
TRUE,R.KKVHPAVVIR.Q,cytop,598303,778588,875000,685390,568896,1476850,636899,629199
TRUE,R.KKVHPAVVIR.Q,nuclei,582924,734170,1064147,1104172,1234984,1435828,1408525,1497338
TRUE,R.KLCLNICVGESGDR.L,nuclei,412421,619246,743176,911583,924870,818015,773375,541711
TRUE,R.KLDELYGTWR.K,cytop,1549758,2222482,2164021,4330977,3746772,6360301,4413873,4005243
TRUE,R.KLDELYGTWR.K,nuclei,1035042,2359181,2565669,3463329,2962464,2533195,2399293,1754121
TRUE,R.KMGVPYCIIK.G,cytop,211245,415894,195500,973410,650362,824270,609302,970996
TRUE,R.KMGVPYCIIK.G,nuclei,463307,935242,1234938,1651287,1711708,1554715,1347018,818427
TRUE,R.KNNFSDTGNFGFGIQEHIDLGIK.Y,nuclei,267734,474204,526311,769218,726157,706982,685013,494210
TRUE,R.KPVTVHSR.A,nuclei,542670,860640,864040,1380018,1370366,1301077,1403450,1390922
TRUE,R.KREELSNVLAAMR.K,cytop,220885,437079,625980,1107800,1273490,2184924,323251,1541851
TRUE,R.KREELSNVLAAMR.K,nuclei,758876,1607826,2095223,3099925,3635881,3625977,3486041,2951090
TRUE,R.KSEIEYYAMLAK.T,nuclei,219986,407344,507844,683826,838934,727821,616807,461659
TRUE,R.KSLLVQTK.R,cytop,76563,84479,41853,95915,72178,148904,99605,101521
TRUE,R.KSLLVQTK.R,nuclei,1741535,3039835,4109261,4257104,5665436,4780372,4074556,3644212
TRUE,R.KTCTTVAFTQVNSEDKGALAK.L,cytop,264000,452615,250864,1250676,850849,1755707,1348179,1276604
TRUE,R.KTCTTVAFTQVNSEDKGALAK.L,nuclei,251152,551128,758281,1042230,1179522,1192665,986406,612890
TRUE,R.KTVGVEPAADGK.G,cytop,460633,843758,802966,2384108,2165163,3492508,1338426,3173096
TRUE,R.KTVGVEPAADGK.G,nuclei,1914163,3916897,4741752,6461603,7754294,7529925,6706830,4889074
TRUE,R.KTVGVEPAADGKGVVVVIK.R,nuclei,68817,106945,127844,112878,121970,113923,109846,111638
TRUE,R.KVTAAMGK.K,cytop,18502,28834,30770,84607,77401,139581,101588,86909
TRUE,R.KVTAAMGK.K,nuclei,786487,1320505,1566737,2124862,2561433,2193708,2213748,1397283
TRUE,R.KYNWSAK.A,nuclei,459449,511396,834884,1159776,1377246,1323338,1384367,871641
TRUE,R.KYSAAK.S,cytop,19218,27828,51091,84446,93278,160282,106254,87819
TRUE,R.LAHEVGWK.Y,cytop,4341031,6047164,3803937,11602687,5914774,30173001,65186,14822420
TRUE,R.LAHEVGWK.Y,nuclei,1307014,2264764,2381958,2478065,2847929,3561742,1416482,2176178
TRUE,R.LAPDYDALDVANK.I,cytop,279747,423885,1047243,895632,1069701,1394625,808420,1089099
TRUE,R.LAPDYDALDVANK.I,nuclei,563834,615409,959500,1421234,1778504,1833967,2006288,1441520
TRUE,R.LAYIAHPK.L,cytop,40234,59215,153734,150030,186449,286069,223443,204326
TRUE,R.LAYIAHPK.L,nuclei,4278199,5150245,8610264,14936126,18848032,18435630,17971515,14836253
TRUE,R.LEQQVPVNQVFGQDEMIDVIGVTK.G,nuclei,215926,352868,456449,616712,598588,573508,546494,449079
TRUE,R.LKVPPAINQFTQALDR.Q,cytop,119802,170250,115568,274937,234980,598098,438235,408446
TRUE,R.LKVPPAINQFTQALDR.Q,nuclei,109101,184888,214601,330750,296331,329905,274857,243677
TRUE,R.LPAAGVGDMVMATVK.K,nuclei,63477,124903,153515,183710,193883,159279,134298,114198
TRUE,R.LSYNTASNK.T,cytop,208573,338855,253863,770902,645803,1373970,1089517,856137
TRUE,R.LSYNTASNK.T,nuclei,364065,593220,771406,1124419,1333546,1258845,1094541,720836
TRUE,R.MRPGVACSVSQAQK.D,nuclei,13893,34895,39339,58855,61514,50792,42112,30491
TRUE,R.NCSSFLIK.R,cytop,71653,124980,60491,331275,290398,440374,414084,266462
TRUE,R.NCSSFLIK.R,nuclei,78363,157971,227816,284019,368831,285650,202341,107540
TRUE,R.NEDEDSPNK.L,cytop,33114,40946,31345,146011,108970,122887,164599,111301
TRUE,R.NEDEDSPNKLYTLVTYVPVTTFK.N,nuclei,46192,44702,57182,82961,84314,89198,72364,49706
TRUE,R.NIPGITLLNVSK.L,cytop,52928,67030,82915,151049,165000,255343,205846,149122
TRUE,R.NIPGITLLNVSK.L,nuclei,101359,256537,330773,517664,562668,467878,410518,280115
TRUE,R.NKQTYSTEPNNLK.A,cytop,46081,82051,111417,269353,283992,564650,378678,288651
TRUE,R.NKQTYSTEPNNLK.A,nuclei,68468,107331,178609,213663,272853,231789,198725,139744
TRUE,R.NKSTESLQANVQR.L,nuclei,83917,52085,144280,107020,121457,148502,131285,184917
TRUE,R.NPDTQWITKPVHK.H,cytop,189533,313728,309878,1045119,1093280,908707,1168620,1249608
TRUE,R.NPDTQWITKPVHK.H,nuclei,972524,2388192,2963177,4244627,4910768,4213366,2831712,2993211
TRUE,R.NQSFCPTVNLDK.L,cytop,23010,39512,15469,114089,77409,116872,139665,91784
TRUE,R.NQSFCPTVNLDK.L,nuclei,44143,94386,131950,231553,257620,195528,159835,77062
TRUE,R.NQSFCPTVNLDKLWTLVSEQTR.V,nuclei,38692,42953,74896,113151,80967,103159,78389,68416
TRUE,R.NTTGTGR.M,cytop,49092,67654,196222,229850,278271,372447,293063,198741
TRUE,R.PGFSIADKK.R,nuclei,183777,279602,248149,359880,378270,238180,175292,93176
TRUE,R.PLISVYSEK.G,cytop,87441,100447,67352,171972,136862,199699,181897,135117
TRUE,R.PLISVYSEK.G,nuclei,39692,78693,72184,152166,145084,103160,106371,47778
TRUE,R.QAQIEVVPSASALIIK.A,cytop,101803,170074,135300,369174,230154,575873,447244,381226
TRUE,R.QAQIEVVPSASALIIK.A,nuclei,181265,308399,441599,646073,755948,649801,612027,435444
TRUE,R.QINWTVLYR.R,cytop,172579,187114,298898,409982,374975,623796,474852,362664
TRUE,R.QINWTVLYR.R,nuclei,146006,95347,132105,134232,121523,132427,111814,75845
TRUE,R.QPYAVSELAGHQTSAESWGTGR.A,nuclei,31720,49183,37837,63415,50782,57429,56655,59673
TRUE,R.QTATQLLK.L,cytop,64585,95875,98777,234910,190554,352919,276681,212882
TRUE,R.QTATQLLK.L,nuclei,649377,1315761,1867115,2356294,2799963,2534724,1893384,1162148
TRUE,R.RGPCIIYNEDNGIIK.A,cytop,97722,101268,124118,193214,166019,347461,252167,214701
TRUE,R.RGPCIIYNEDNGIIK.A,nuclei,414920,511730,618286,801541,768416,637087,591935,453786
TRUE,R.RLNKHEENLK.T,cytop,25407,46435,63034,127029,158784,259722,188333,164058
TRUE,R.RLNKHEENLK.T,nuclei,20819,30244,47513,60070,79467,73326,66610,55537
TRUE,R.RLSYNTASNK.T,cytop,199988,270862,220082,596442,487743,918768,738868,562529
TRUE,R.RLSYNTASNK.T,nuclei,290746,526592,717377,1034069,1222699,1172316,1005163,718971
TRUE,R.RNPDTQWITKPVHK.H,nuclei,925540,2171530,2766597,3277950,3925606,3845837,2732495,2780654
TRUE,R.RVNTTQK.R,nuclei,4637,6000,7175,10270,11113,12727,11094,7464
TRUE,R.SAINEVVTR.E,cytop,265571,420351,824808,1194195,1378180,2142922,1615648,1352556
TRUE,R.SAINEVVTR.E,nuclei,627648,837969,1414384,2006926,2592899,2514545,2655309,1789801
TRUE,R.SGQGAFGNMCR.G,cytop,46139,70194,67143,145146,129310,239121,163960,127259
TRUE,R.SGQGAFGNMCR.G,nuclei,56880,109864,179664,233324,260275,263644,200608,137699
TRUE,R.SGTHNMYR.E,nuclei,864,1739,1910,2202,1953,1609,923,775
TRUE,R.SLQSVAEER.A,cytop,49453,79487,69256,234470,207180,358107,353780,298825
TRUE,R.SLQSVAEER.A,nuclei,112021,217226,292647,315769,382363,333110,245231,250682
TRUE,R.SQKPVMVK.R,cytop,191268,352363,307747,1064651,1017008,2326104,241269,1214905
TRUE,R.SQKPVMVK.R,nuclei,216704,384227,521404,744903,930972,763312,585061,410952
TRUE,R.TDGKVFQFLNAK.C,nuclei,102049,99780,261297,161175,210475,287049,250822,346276
TRUE,R.TICSHVQNMIK.G,nuclei,5273,11400,13443,16036,18039,16923,15926,10390
TRUE,R.TNSTFNQVVLK.R,cytop,24890,37594,18600,80761,47578,77172,108048,79894
TRUE,R.TNSTFNQVVLK.R,nuclei,24059,71564,75674,122919,169772,113724,88933,46953
TRUE,R.TNSTFNQVVLKR.L,cytop,78953,102141,71646,163087,108325,233551,183773,186323
TRUE,R.TNSTFNQVVLKR.L,nuclei,213873,442730,460361,501661,609989,512502,391346,271585
TRUE,R.TNYNDRYDEIR.R,cytop,116837,247426,181054,846609,699151,755818,252718,907531
TRUE,R.TNYNDRYDEIR.R,nuclei,191246,354167,561530,761614,887050,704169,570275,273395
TRUE,R.TNYNDRYDEIRR.H,nuclei,64388,137873,253327,322547,349392,385682,291450,194580
TRUE,R.TTTGNKVFGALK.G,nuclei,210037,179519,593351,381366,444395,730429,573165,940311
TRUE,R.VAGIHKK.V,nuclei,68945,125815,138241,183236,206998,207287,206508,202451
TRUE,R.VATWFNQPAR.K,cytop,29488,25890,38359,63983,67297,113260,74131,85692
TRUE,R.VATWFNQPAR.K,nuclei,19141,31360,50306,66697,58953,67200,56757,39310
TRUE,R.VAYVSFGPHAGK.L,cytop,715025,1034637,830198,1757162,1381107,3220295,2297046,2353396
TRUE,R.VAYVSFGPHAGK.L,nuclei,1148422,1910666,2168887,2428506,2806347,2816525,2472618,2184481
TRUE,R.VCTLAIIDPGDSDIIR.S,cytop,69357,116693,63420,308616,170059,465634,440659,342649
TRUE,R.VCTLAIIDPGDSDIIR.S,nuclei,217529,465727,609960,970616,1075153,1015482,820517,571891
TRUE,R.VDKAAAAAAALQAK.S,cytop,301733,335050,178700,243035,111386,284624,135221,139185
TRUE,R.VDKAAAAAAALQAK.S,nuclei,452485,734921,1177014,1489958,1528363,1516527,1404688,1374065
TRUE,R.VIAHTQMR.L,nuclei,252655,70208,122407,216967,187412,64826,407012,85726
TRUE,R.VKNFGIWLR.Y,cytop,215003,314904,214786,595124,329801,694860,631592,614139
TRUE,R.VKNFGIWLR.Y,nuclei,231110,636301,796855,959006,1153117,986469,589566,611312
TRUE,R.VLNSYWVGEDSTYK.F,cytop,95904,162224,72027,415840,218391,571657,602394,448881
TRUE,R.VLNSYWVGEDSTYK.F,nuclei,230568,401786,452759,599941,700633,602822,449129,341769
TRUE,R.VLTVINQTQK.E,cytop,136445,190167,143648,581018,505854,756559,761962,622110
TRUE,R.VLTVINQTQK.E,nuclei,124526,206744,234215,429576,542541,461193,415947,169494
TRUE,R.VLTVINQTQKENLR.K,cytop,26261,39158,68286,81388,107441,199515,115634,94489
TRUE,R.VLTVINQTQKENLR.K,nuclei,100998,76499,160872,186571,231677,247820,272628,185488
TRUE,R.VTNRDIICQIAYAR.I,nuclei,86556,104618,145173,190140,197588,212086,154712,171194
TRUE,R.VYNVTQHAVGIVVNK.Q,cytop,538251,684160,552041,1521206,1218644,2374989,1908839,1676040
TRUE,R.VYNVTQHAVGIVVNK.Q,nuclei,295106,399992,476749,524690,624922,616011,589321,528467
TRUE,R.YAICSALAASALPALVMSK.G,nuclei,66217,93099,151935,197110,213147,183358,147635,131829
TRUE,R.YFQINQDEEEEEDED.-,cytop,129868,137321,102706,158452,112958,247798,167769,152703
TRUE,R.YFQINQDEEEEEDED.-,nuclei,162405,152474,225913,247909,268516,253228,298804,180717
TRUE,R.YLMEEDEDAYK.K,nuclei,19664,31208,41488,51049,55153,55200,53224,42266
TRUE,R.YLMEEDEDAYKK.Q,cytop,47871,71155,90560,203131,175450,343878,263296,230721
TRUE,R.YLMEEDEDAYKK.Q,nuclei,350909,651022,860313,1301234,1451323,1460061,1294349,1049548
TRUE,R.YLYTLVITDKEK.A,cytop,1621530,1594116,815124,838464,557372,1229341,885742,649676
TRUE,R.YLYTLVITDKEK.A,nuclei,594427,632558,1011859,1236698,1346919,1334035,1255482,787069
TRUE,R.YPMAVGLNK.G,cytop,28562,47588,48659,123220,107510,194087,159764,155277
TRUE,R.YPMAVGLNK.G,nuclei,95676,133136,182914,283008,324034,279433,284576,199098
TRUE,R.YSLDPENPTK.S,cytop,206148,203124,275383,428862,387666,689755,491694,433631
TRUE,R.YSLDPENPTK.S,nuclei,358637,560346,769735,1020023,1209493,1096610,1063248,663385
TRUE,R.YSVDIPLDK.T,cytop,1263077,2131910,1893865,5729870,5368483,10588924,1749528,6936530
TRUE,R.YSVDIPLDK.T,nuclei,980375,1572542,2028364,3193328,3891583,3539844,2975780,1996259
TRUE,R.YYPTEDVPR.K,cytop,150462,216859,383022,615807,615429,1167685,812999,696824
TRUE,R.YYPTEDVPR.K,nuclei,367372,668719,886764,1236261,1334465,1250189,1155075,905518
