"","unique","sequence","protein","avg int m/z_126.127726","avg int m/z_127.124761","avg int m/z_127.131081","avg int m/z_128.128116","avg int m/z_128.134436","avg int m/z_129.131471","avg int m/z_129.13779","avg int m/z_130.134825","avg int m/z_130.141145","avg int m/z_131.13818","norm int m/z_126.127726","norm int m/z_127.124761","norm int m/z_127.131081","norm int m/z_128.128116","norm int m/z_128.134436","norm int m/z_129.131471","norm int m/z_129.13779","norm int m/z_130.134825","norm int m/z_130.141145","norm int m/z_131.13818","SpC","scanNum","chargeState","FileName","TMT purity","TMT S/N","Ion Count","PTM Index","PTM Index Proteins","PTM Local Score"
"1","U","R.KVGLIAAR.R","P62917 60S ribosomal protein L8 OS=Homo sapiens (Human) OX=9606 GN=RPL8 PE=1 SV=2",134246,69264,79445,43974,0,716,34284,18554,9406,5344,38196,34287,41846,41336,0,20877,47482,49218,46549,42231,1,43892,2,"H20211026_MHJC_897-906-TMT_bRP8",-1,84.36,1,NA,NA,NA
"2","U","K.NNASTDYDLSDK.S","P39023 60S ribosomal protein L3 OS=Homo sapiens (Human) OX=9606 GN=RPL3 PE=1 SV=2",175676,111830,113591,82451,2791,1565,62360,28788,18460,10912,49983,55357,59830,77504,68000,45632,86367,76366,91355,86231,2,52838,2,"H20211026_MHJC_897-906-TMT_bRP2",-1,60.65,2,NA,NA,NA
"3","U","K.IGPLGLSPK.K","P30050 60S ribosomal protein L12 OS=Homo sapiens (Human) OX=9606 GN=RPL12 PE=1 SV=1",1094741,595844,538463,285962,0,3494,237364,149092,93758,45551,311480,294957,283624,268808,0,101881,328745,395500,463999,359969,1,72217,2,"H20211026_MHJC_897-906-TMT_bRP8",-1,111.82,1,NA,NA,NA
"4","U","K.DSLYAQGK.R","P83881 60S ribosomal protein L36a OS=Homo sapiens (Human) OX=9606 GN=RPL36A PE=1 SV=2",229155,129440,127309,85621,0,2516,66944,48727,33460,15828,65200,64076,67057,80485,0,73363,92716,129259,165590,125081,1,50301,2,"H20211026_MHJC_897-906-TMT_bRP3",-1,45.6,1,NA,NA,NA
"5","U","R.SAINEVVTR.E","P62899 60S ribosomal protein L31 OS=Homo sapiens (Human) OX=9606 GN=RPL31 PE=1 SV=1",380110,253853,286858,218502,0,3907,204278,130241,77144,72079,108150,125663,151096,205395,0,113923,282921,345493,381778,569608,1,48958,2,"H20211026_MHJC_897-906-TMT_bRP4",-1,49.58,1,NA,NA,NA
"6","U","R.AFLIEEQK.I","P49207 60S ribosomal protein L34 OS=Homo sapiens (Human) OX=9606 GN=RPL34 PE=1 SV=3",838109,351258,283726,199380,0,1736,174098,128574,88534,83669,238462,173881,149447,187420,0,50619,241122,341071,438146,661199,2,75065,2,"H20211026_MHJC_897-906-TMT_bRP4",-1,124.39,2,NA,NA,NA
"7","U","R.AFLIEEQK.I","P49207 60S ribosomal protein L34 OS=Homo sapiens (Human) OX=9606 GN=RPL34 PE=1 SV=3",705812,273857,251227,142536,541,2241,138558,58275,32624,15265,200820,135566,132328,133986,13181,65345,191900,154587,161453,120632,2,73279,2,"H20211026_MHJC_897-906-TMT_bRP5",-1,71.24,2,NA,NA,NA
"8","U","R.KLCLNICVGESGDR.L","P62913 60S ribosomal protein L11 OS=Homo sapiens (Human) OX=9606 GN=RPL11 PE=1 SV=2",433799,313030,293028,227436,5966,9888,171659,137112,121222,84394,123426,154957,154346,213793,145357,288323,237744,363720,599916,666928,1,72490,3,"H20211026_MHJC_897-906-TMT_bRP6",-1,71.09,1,NA,NA,NA
"9","U","R.AGVNTVTTLVENKK.A","P62424 60S ribosomal protein L7a OS=Homo sapiens (Human) OX=9606 GN=RPL7A PE=1 SV=2",347253,177076,207033,128595,14478,10686,82329,49122,37859,22596,98801,87657,109050,120881,352746,311592,114024,130307,187360,178566,1,75687,3,"H20211026_MHJC_897-906-TMT_bRP7",-1,37.17,1,NA,NA,NA
"10","U","R.EVCGFAPYER.R","Q9Y3U8 60S ribosomal protein L36 OS=Homo sapiens (Human) OX=9606 GN=RPL36 PE=1 SV=3",182473,80549,87210,47223,0,644,35785,21083,12383,6412,51917,39873,45936,44390,0,18778,49561,55927,61282,50671,2,64178,2,"H20211026_MHJC_897-906-TMT_bRP3",-1,38.18,2,NA,NA,NA
"11","U","R.EVCGFAPYER.R","Q9Y3U8 60S ribosomal protein L36 OS=Homo sapiens (Human) OX=9606 GN=RPL36 PE=1 SV=3",450804,229411,192431,123423,0,2075,97180,53182,23286,4937,128264,113564,101359,116019,0,60504,134592,141077,115240,39014,2,62718,2,"H20211026_MHJC_897-906-TMT_bRP2",-1,46.68,2,NA,NA,NA
"12",NA,"R.LECVEPNCR.S","Q969Q0 60S ribosomal protein L36a-like OS=Homo sapiens (Human) OX=9606 GN=RPL36AL PE=1 SV=3",665550,314008,343304,250160,888,6336,237888,173904,173056,104262,189364,155440,180828,235154,21634,184750,329470,461320,856438,823936,4,48923,2,"H20211026_MHJC_897-906-TMT_bRP1",-1,64.72,4,NA,NA,NA
"13",NA,"R.LECVEPNCR.S","Q969Q0 60S ribosomal protein L36a-like OS=Homo sapiens (Human) OX=9606 GN=RPL36AL PE=1 SV=3",938032,415064,428600,195410,0,0,196966,76372,29674,5456,266892,205466,225756,183688,0,0,272794,202594,146852,43116,4,49838,2,"H20211026_MHJC_897-906-TMT_bRP2",-1,54.7,4,NA,NA,NA
"14","U","R.VITEEEKNFK.A","P26373 60S ribosomal protein L13 OS=Homo sapiens (Human) OX=9606 GN=RPL13 PE=1 SV=4",5496528,2081951,2351732,1082666,66608,12512,820672,453676,277219,80149,1563895,1030618,1238727,1017723,1622858,364836,1136616,1203479,1371931,633382,1,65451,3,"H20211026_MHJC_897-906-TMT_bRP4",-1,197.35,1,NA,NA,NA
"15","U","R.QINWTVLYR.R","P83731 60S ribosomal protein L24 OS=Homo sapiens (Human) OX=9606 GN=RPL24 PE=1 SV=1",215620,86128,130023,72807,0,4666,67140,43510,17581,10452,61349,42635,68487,68439,0,136055,92987,115420,87006,82597,1,84499,2,"H20211026_MHJC_897-906-TMT_bRP8",-1,34.15,1,NA,NA,NA
"16","U","K.GVHSHK.K","P62750 60S ribosomal protein L23a OS=Homo sapiens (Human) OX=9606 GN=RPL23A PE=1 SV=1",210487,95669,95758,40861,592,0,37436,18893,10505,1377,59888,47358,50438,38410,14423,0,51848,50117,51988,10881,1,10966,2,"H20211026_MHJC_897-906-TMT_bRP5",-1,92.48,1,NA,NA,NA
"17","U","K.EQIVPKPEEEVAQK.K","P18621 60S ribosomal protein L17 OS=Homo sapiens (Human) OX=9606 GN=RPL17 PE=1 SV=3",474291,266924,176934,124865,2734,1718,99494,43947,17615,7744,134947,132134,93196,117375,66612,50095,137797,116579,87175,61197,2,64107,3,"H20211026_MHJC_897-906-TMT_bRP3",-1,106.94,2,NA,NA,NA
"18","U","K.EQIVPKPEEEVAQK.K","P18621 60S ribosomal protein L17 OS=Homo sapiens (Human) OX=9606 GN=RPL17 PE=1 SV=3",175290,105123,100033,66130,6601,8286,53711,17627,14324,6602,49874,52038,52690,62163,160828,241610,74388,46759,70888,52172,2,62706,3,"H20211026_MHJC_897-906-TMT_bRP2",-1,42.02,2,NA,NA,NA
"19","U","K.VEEIAASK.C","Q02543 60S ribosomal protein L18a OS=Homo sapiens (Human) OX=9606 GN=RPL18A PE=1 SV=2",772694,533920,421774,217396,0,2111,209946,95104,62202,51686,219850,264303,222161,204355,0,61554,290771,252285,307831,408451,1,58891,2,"H20211026_MHJC_897-906-TMT_bRP3",-1,143.26,1,NA,NA,NA
"20","U","R.EYRDLTTAGAVTQCYR.D","Q02543 60S ribosomal protein L18a OS=Homo sapiens (Human) OX=9606 GN=RPL18A PE=1 SV=2",114198,116435,110543,89217,1581,5079,88234,61437,48765,38621,32492,57638,58226,83865,38519,148098,122202,162975,241333,305204,1,61994,3,"H20211026_MHJC_897-906-TMT_bRP3",-1,59.83,1,NA,NA,NA
"21","U","R.KSLLVQTK.R","P39023 60S ribosomal protein L3 OS=Homo sapiens (Human) OX=9606 GN=RPL3 PE=1 SV=2",3293990,1969467,676702,675675,27808,12214,561872,269320,138624,33943,937219,974936,356439,635145,677522,356146,778183,714432,686037,268236,1,51541,3,"H20211026_MHJC_897-906-TMT_bRP8",-1,314.77,1,NA,NA,NA
"22","U","R.GHVSHGHGR.I","P46776 60S ribosomal protein L27a OS=Homo sapiens (Human) OX=9606 GN=RPL27A PE=1 SV=2",6602,2666,1650,1561,0,0,871,706,0,0,1878,1319,869,1467,0,0,1206,1872,0,0,1,5452,2,"H20211026_MHJC_897-906-TMT_bRP8",-1,3.21,1,NA,NA,NA
"23","U","K.GTVQQADE.-","P32969 60S ribosomal protein L9 OS=Homo sapiens (Human) OX=9606 GN=RPL9P8 PE=1 SV=1",70751,79678,69100,81119,0,0,89440,85387,83730,81560,20130,39442,36397,76253,0,0,123872,226508,414372,644532,1,26110,2,"H20211026_MHJC_897-906-TMT_bRP2",-1,96.61,1,NA,NA,NA
"24","U","R.NIPGITLLNVSK.L","P36578 60S ribosomal protein L4 OS=Homo sapiens (Human) OX=9606 GN=RPL4 PE=1 SV=5",323941,183860,222388,170356,0,2789,153832,102272,54382,40746,92169,91015,117138,160137,0,81324,213054,271299,269131,321997,1,92288,2,"H20211026_MHJC_897-906-TMT_bRP8",-1,47.18,1,NA,NA,NA
"25","U","K.ILTFDQLALDSPK.G","Q07020 60S ribosomal protein L18 OS=Homo sapiens (Human) OX=9606 GN=RPL18 PE=1 SV=2",329595,222091,269494,318528,7718,13961,351709,299750,384939,202970,93777,109940,141950,299421,188043,407087,487111,795155,1905027,1603981,1,100359,2,"H20211026_MHJC_897-906-TMT_bRP6",-1,46.08,1,NA,NA,NA
"26","U","K.VNTLIRPDGEK.K","P62750 60S ribosomal protein L23a OS=Homo sapiens (Human) OX=9606 GN=RPL23A PE=1 SV=1",658542,374128,478914,268349,8139,8845,233972,148601,97601,39115,187371,185202,252258,252252,198301,257910,324047,394198,483018,309108,1,56469,3,"H20211026_MHJC_897-906-TMT_bRP5",-1,76.69,1,NA,NA,NA
"27","U","R.RGPCIIYNEDNGIIK.A","P36578 60S ribosomal protein L4 OS=Homo sapiens (Human) OX=9606 GN=RPL4 PE=1 SV=5",174153,126776,140687,162531,1093,4017,138912,101261,118858,81208,49550,62757,74104,152781,26630,117131,192390,268617,588217,641750,1,69510,3,"H20211026_MHJC_897-906-TMT_bRP5",-1,92.61,1,NA,NA,NA
"28","U","K.AVDIPHMDIEALKK.L","P62906 60S ribosomal protein L10a OS=Homo sapiens (Human) OX=9606 GN=RPL10A PE=1 SV=2",3483745,2759925,43096,860616,50636,25499,612910,265302,149302,15797,991209,1366232,22699,808993,1233711,743523,848870,703774,738881,124836,2,85778,4,"H20211026_MHJC_897-906-TMT_bRP5",-1,437.02,2,NA,NA,NA
"29","U","K.AVDIPHMDIEALKK.L","P62906 60S ribosomal protein L10a OS=Homo sapiens (Human) OX=9606 GN=RPL10A PE=1 SV=2",1260824,743802,474227,291651,6751,6313,229760,106947,52844,18272,358734,368200,249789,274156,164483,184080,318213,283701,261520,144395,2,84299,4,"H20211026_MHJC_897-906-TMT_bRP6",-1,161.75,2,NA,NA,NA
"30","U","K.FNADEFEDMVAEK.R","P27635 60S ribosomal protein L10 OS=Homo sapiens (Human) OX=9606 GN=RPL10 PE=1 SV=4",96604,73008,48479,59309,0,4607,40920,21822,11489,4499,27486,36140,25535,55751,0,134335,56673,57887,56858,35553,1,98769,2,"H20211026_MHJC_897-906-TMT_bRP3",-1,19.61,1,NA,NA,NA
"31","U","K.AQAAAPASVPAQAPK.R","P47914 60S ribosomal protein L29 OS=Homo sapiens (Human) OX=9606 GN=RPL29 PE=1 SV=2",447301,211592,202449,108777,0,720,99397,46250,20171,2402,127267,104743,106635,102252,0,20994,137663,122688,99824,18981,1,46075,2,"H20211026_MHJC_897-906-TMT_bRP5",-1,158.13,1,NA,NA,NA
"32","U","K.STESLQANVQR.L","P26373 60S ribosomal protein L13 OS=Homo sapiens (Human) OX=9606 GN=RPL13 PE=1 SV=4",536928,282761,272313,200598,2120,3354,152364,72724,44723,14652,152768,139973,143434,188565,51652,97798,211021,192916,221329,115788,4,41911,2,"H20211026_MHJC_897-906-TMT_bRP3",-1,47.02,4,NA,NA,NA
"33","U","K.STESLQANVQR.L","P26373 60S ribosomal protein L13 OS=Homo sapiens (Human) OX=9606 GN=RPL13 PE=1 SV=4",427644,249522,177576,77898,1880,3584,47777,20908,5716,0,121675,123519,93534,73225,45804,104505,66170,55463,28287,0,4,41277,2,"H20211026_MHJC_897-906-TMT_bRP2",-1,61.87,4,NA,NA,NA
"34","U","K.STESLQANVQR.L","P26373 60S ribosomal protein L13 OS=Homo sapiens (Human) OX=9606 GN=RPL13 PE=1 SV=4",8532,6264,10028,9328,0,0,12198,8964,11700,9674,2427,3100,5282,8768,0,0,16894,23779,57902,76449,4,39558,2,"H20211026_MHJC_897-906-TMT_bRP5",-1,6.04,4,NA,NA,NA
"35","U","R.YLYTLVITDKEK.A","P63173 60S ribosomal protein L38 OS=Homo sapiens (Human) OX=9606 GN=RPL38 PE=1 SV=2",342637,158115,201546,131456,1041,2270,94442,37082,25099,9074,97488,78270,106160,123570,25363,66190,130800,98368,124212,71707,2,91474,3,"H20211026_MHJC_897-906-TMT_bRP7",-1,57.94,2,NA,NA,NA
"36","U","R.YLYTLVITDKEK.A","P63173 60S ribosomal protein L38 OS=Homo sapiens (Human) OX=9606 GN=RPL38 PE=1 SV=2",320360,186724,242269,189328,6293,13945,123304,79170,67205,51613,91150,92433,127610,177971,153324,406620,170773,210016,332591,407874,2,88425,3,"H20211026_MHJC_897-906-TMT_bRP8",-1,32.49,2,NA,NA,NA
"37","U","K.TVAGGAWTYNTTSAVTVK.S","P61513 60S ribosomal protein L37a OS=Homo sapiens (Human) OX=9606 GN=RPL37A PE=1 SV=2",21980,7713,10267,8765,0,0,6607,3298,1012,0,6253,3818,5407,8239,0,0,9150,8748,5008,0,1,75200,2,"H20211026_MHJC_897-906-TMT_bRP7",-1,10.93,1,NA,NA,NA
"38",NA,"R.VHIGQVIMSIR.T","P27635 60S ribosomal protein L10 OS=Homo sapiens (Human) OX=9606 GN=RPL10 PE=1 SV=4",700108,467456,458460,317364,204,11166,274762,117678,36122,15700,199196,231402,241484,298326,4970,325588,380540,312166,178764,124070,2,73746,3,"H20211026_MHJC_897-906-TMT_bRP8",-1,47.6,2,NA,NA,NA
"39","U","R.DFNHINVELSLLGK.K","P32969 60S ribosomal protein L9 OS=Homo sapiens (Human) OX=9606 GN=RPL9P8 PE=1 SV=1",1678891,717419,622197,414007,0,9689,326659,159480,94698,46901,477685,355140,327729,389173,0,282520,452417,423057,468651,370637,1,97014,3,"H20211026_MHJC_897-906-TMT_bRP6",-1,97.2,1,NA,NA,NA
"40","U","K.KVVNPLFEK.R","P62424 60S ribosomal protein L7a OS=Homo sapiens (Human) OX=9606 GN=RPL7A PE=1 SV=2",2171163,1038533,1117575,612755,41768,20902,435947,224006,157529,61540,617748,514100,588660,575999,1017648,609479,603779,594226,779596,486323,2,66109,3,"H20211026_MHJC_897-906-TMT_bRP8",-1,126.66,2,NA,NA,NA
"41","U","K.KVVNPLFEK.R","P62424 60S ribosomal protein L7a OS=Homo sapiens (Human) OX=9606 GN=RPL7A PE=1 SV=2",3193491,1414754,1283950,714620,15200,18866,602135,295932,165176,16877,908625,700339,676295,671754,370337,550111,833946,785027,817440,133371,2,71754,3,"H20211026_MHJC_897-906-TMT_bRP7",-1,283.78,2,NA,NA,NA
"42","U","K.AVDSQILPK.I","Q02878 60S ribosomal protein L6 OS=Homo sapiens (Human) OX=9606 GN=RPL6 PE=1 SV=3",658071,371971,336460,215767,0,7997,163104,90323,82153,54720,187237,184135,177223,202824,0,233183,225896,239602,406567,432427,2,62621,2,"H20211026_MHJC_897-906-TMT_bRP5",-1,97.11,2,NA,NA,NA
"43","U","K.AVDSQILPK.I","Q02878 60S ribosomal protein L6 OS=Homo sapiens (Human) OX=9606 GN=RPL6 PE=1 SV=3",1374626,703113,557487,331722,0,5419,293040,151028,92694,39668,391114,348058,293645,311824,0,158012,405855,400636,458734,313478,2,65295,2,"H20211026_MHJC_897-906-TMT_bRP4",-1,115.92,2,NA,NA,NA
"44","U","R.VAYVSFGPHAGK.L","P50914 60S ribosomal protein L14 OS=Homo sapiens (Human) OX=9606 GN=RPL14 PE=1 SV=4",474544,144588,127788,80885,7052,4002,62949,70228,65106,45491,135019,71574,67309,76033,171817,116693,87183,186295,322203,359495,1,63624,3,"H20211026_MHJC_897-906-TMT_bRP7",-1,88.89,1,NA,NA,NA
"45",NA,"K.TITLEVEPSDTIENVK.A","P62987 Ubiquitin-60S ribosomal protein L40 OS=Homo sapiens (Human) OX=9606 GN=UBA52 PE=1 SV=2 
				
					P0CG48 Polyubiquitin-C OS=Homo sapiens (Human) OX=9606 GN=UBC PE=1 SV=3 
				
					P0CG47 Polyubiquitin-B OS=Homo sapiens (Human) OX=9606 GN=UBB PE=1 SV=1",1062996,770570,976710,695512,41486,44354,515970,203334,75668,34396,302448,381450,514462,653792,1010776,1293314,714608,539388,374472,271816,8,88217,3,"H20211026_MHJC_897-906-TMT_bRP3",-1,84.43,2,NA,NA,NA
"46","U","K.RAAVAASSSS.-","P61927 60S ribosomal protein L37 OS=Homo sapiens (Human) OX=9606 GN=RPL37 PE=1 SV=2",186351,98281,129824,71042,93,2253,58538,26540,9395,4513,53021,48651,68382,66780,2265,65695,81074,70403,46494,35664,4,16615,2,"H20211026_MHJC_897-906-TMT_bRP5",-1,104.16,4,NA,NA,NA
"47","U","K.RAAVAASSSS.-","P61927 60S ribosomal protein L37 OS=Homo sapiens (Human) OX=9606 GN=RPL37 PE=1 SV=2",65548,33010,49746,28426,0,613,20243,11102,6491,2018,18649,16340,26202,26720,0,17874,28036,29450,32123,15947,4,19435,2,"H20211026_MHJC_897-906-TMT_bRP6",-1,40.84,4,NA,NA,NA
"48","U","K.RAAVAASSSS.-","P61927 60S ribosomal protein L37 OS=Homo sapiens (Human) OX=9606 GN=RPL37 PE=1 SV=2",102742,52631,72968,34641,0,933,33597,14686,7045,2443,29232,26053,38434,32563,0,27205,46531,38957,34865,19305,4,18005,2,"H20211026_MHJC_897-906-TMT_bRP4",-1,59,4,NA,NA,NA
"49","U","K.RAAVAASSSS.-","P61927 60S ribosomal protein L37 OS=Homo sapiens (Human) OX=9606 GN=RPL37 PE=1 SV=2",39168,23856,27480,17251,0,0,13044,6586,4887,2264,11144,11809,14474,16216,0,0,18065,17470,24185,17891,4,18317,2,"H20211026_MHJC_897-906-TMT_bRP7",-1,26.7,4,NA,NA,NA
"50","U","K.AGNLGGGVVTIER.S","P35268 60S ribosomal protein L22 OS=Homo sapiens (Human) OX=9606 GN=RPL22 PE=1 SV=2",83847,34445,43341,23777,0,690,19394,11756,9020,4598,23856,17051,22829,22350,0,20119,26860,31185,44639,36335,3,60410,2,"H20211026_MHJC_897-906-TMT_bRP7",-1,35.99,3,NA,NA,NA
"51","U","K.AGNLGGGVVTIER.S","P35268 60S ribosomal protein L22 OS=Homo sapiens (Human) OX=9606 GN=RPL22 PE=1 SV=2",364216,149629,170718,82258,0,6778,71502,50200,23050,11143,103628,74070,89922,77323,0,197639,99029,133166,114072,88058,3,60235,2,"H20211026_MHJC_897-906-TMT_bRP5",-1,44.06,3,NA,NA,NA
"52","U","K.AGNLGGGVVTIER.S","P35268 60S ribosomal protein L22 OS=Homo sapiens (Human) OX=9606 GN=RPL22 PE=1 SV=2",668735,322287,436653,211170,31286,18356,122375,76141,39150,14843,190271,159540,229998,198503,762261,535240,169487,201981,193749,117297,3,62458,2,"H20211026_MHJC_897-906-TMT_bRP4",-1,36.97,3,NA,NA,NA
"53",NA,"R.TLSDYNIQK.E","P62987 Ubiquitin-60S ribosomal protein L40 OS=Homo sapiens (Human) OX=9606 GN=UBA52 PE=1 SV=2 
				
					P0CG48 Polyubiquitin-C OS=Homo sapiens (Human) OX=9606 GN=UBC PE=1 SV=3 
				
					P0CG47 Polyubiquitin-B OS=Homo sapiens (Human) OX=9606 GN=UBB PE=1 SV=1",190467,135411,153441,141045,0,1086,126981,66276,43452,21495,54192,67029,80820,132582,0,31665,175866,175812,215037,169863,12,58432,2,"H20211026_MHJC_897-906-TMT_bRP8",-1,60.31,12,NA,NA,NA
"54",NA,"R.TLSDYNIQK.E","P62987 Ubiquitin-60S ribosomal protein L40 OS=Homo sapiens (Human) OX=9606 GN=UBA52 PE=1 SV=2 
				
					P0CG48 Polyubiquitin-C OS=Homo sapiens (Human) OX=9606 GN=UBC PE=1 SV=3 
				
					P0CG47 Polyubiquitin-B OS=Homo sapiens (Human) OX=9606 GN=UBB PE=1 SV=1",829290,691140,696405,563385,0,2034,541878,233157,62214,10986,235953,342129,366816,529590,0,59307,750489,618501,307890,86817,12,62723,2,"H20211026_MHJC_897-906-TMT_bRP7",-1,115.52,12,NA,NA,NA
"55",NA,"R.TLSDYNIQK.E","P62987 Ubiquitin-60S ribosomal protein L40 OS=Homo sapiens (Human) OX=9606 GN=UBA52 PE=1 SV=2 
				
					P0CG48 Polyubiquitin-C OS=Homo sapiens (Human) OX=9606 GN=UBC PE=1 SV=3 
				
					P0CG47 Polyubiquitin-B OS=Homo sapiens (Human) OX=9606 GN=UBB PE=1 SV=1",274728,221202,225390,194589,0,468,185334,104658,37368,34803,78165,109500,118719,182916,0,13644,256683,277629,184929,275031,12,62949,2,"H20211026_MHJC_897-906-TMT_bRP6",-1,46.01,12,NA,NA,NA
"56",NA,"R.TLSDYNIQK.E","P62987 Ubiquitin-60S ribosomal protein L40 OS=Homo sapiens (Human) OX=9606 GN=UBA52 PE=1 SV=2 
				
					P0CG48 Polyubiquitin-C OS=Homo sapiens (Human) OX=9606 GN=UBC PE=1 SV=3 
				
					P0CG47 Polyubiquitin-B OS=Homo sapiens (Human) OX=9606 GN=UBB PE=1 SV=1",1465752,1073208,1206492,945420,0,0,878382,350727,102768,24024,417039,531264,635493,888708,0,0,1216542,930381,508587,189849,12,63261,2,"H20211026_MHJC_897-906-TMT_bRP5",-1,78.18,12,NA,NA,NA
"57","U","K.TCTTVAFTQVNSEDKGALAK.L","P62424 60S ribosomal protein L7a OS=Homo sapiens (Human) OX=9606 GN=RPL7A PE=1 SV=2",73208,42524,47958,38863,0,2939,31763,21161,13303,11373,20829,21050,25260,36531,0,85698,43991,56134,65835,89875,2,70486,3,"H20211026_MHJC_897-906-TMT_bRP5",-1,41.74,2,NA,NA,NA
"58","U","K.TCTTVAFTQVNSEDKGALAK.L","P62424 60S ribosomal protein L7a OS=Homo sapiens (Human) OX=9606 GN=RPL7A PE=1 SV=2",55017,41119,47800,30105,612,1434,27339,20714,12635,11723,15653,20354,25177,28299,14910,41813,37864,54948,62529,92641,2,70182,3,"H20211026_MHJC_897-906-TMT_bRP6",-1,46.99,2,NA,NA,NA
"59","U","K.FTLDCTHPVEDGIMDAANFEQFLQER.I","P35268 60S ribosomal protein L22 OS=Homo sapiens (Human) OX=9606 GN=RPL22 PE=1 SV=2",157829,74252,100965,47804,2994,0,31632,26731,14427,8281,44906,36756,53181,44936,72946,0,43809,70910,71397,65441,2,104522,3,"H20211026_MHJC_897-906-TMT_bRP4",-1,22.45,1,NA,NA,NA
"60","U","R.KTCTTVAFTQVNSEDKGALAK.L","P62424 60S ribosomal protein L7a OS=Homo sapiens (Human) OX=9606 GN=RPL7A PE=1 SV=2",528180,269191,289083,173662,6179,8200,148234,83894,40362,14821,150280,133256,152268,163245,150547,239103,205301,222547,199747,117123,2,66110,4,"H20211026_MHJC_897-906-TMT_bRP7",-1,89.56,2,NA,NA,NA
"61","U","R.KTCTTVAFTQVNSEDKGALAK.L","P62424 60S ribosomal protein L7a OS=Homo sapiens (Human) OX=9606 GN=RPL7A PE=1 SV=2",326350,195876,181934,108170,2691,3328,98903,50268,26619,8465,92854,96963,95830,101681,65564,97040,136979,133347,131734,66895,2,66042,4,"H20211026_MHJC_897-906-TMT_bRP6",-1,88.23,2,NA,NA,NA
"62",NA,"K.YTCSFCGK.T","P61513 60S ribosomal protein L37a OS=Homo sapiens (Human) OX=9606 GN=RPL37A PE=1 SV=2",1322570,693960,768252,424808,0,10200,384178,175334,39202,13674,376302,343526,404660,399326,0,297420,532080,465112,194006,108058,4,55369,2,"H20211026_MHJC_897-906-TMT_bRP6",-1,59.78,4,NA,NA,NA
"63",NA,"K.YTCSFCGK.T","P61513 60S ribosomal protein L37a OS=Homo sapiens (Human) OX=9606 GN=RPL37A PE=1 SV=2",73898,49044,50510,41620,0,1130,41174,23028,13952,10120,21024,24278,26604,39122,0,32948,57024,61086,69046,79972,4,50134,2,"H20211026_MHJC_897-906-TMT_bRP8",-1,22,4,NA,NA,NA
"64","U","K.AGMTHIVR.E","P39023 60S ribosomal protein L3 OS=Homo sapiens (Human) OX=9606 GN=RPL3 PE=1 SV=2",248376,113664,105725,68443,0,755,62648,46563,28809,20165,70668,56266,55688,64337,0,22014,86766,123518,142573,159355,1,33149,2,"H20211026_MHJC_897-906-TMT_bRP6",-1,62.38,1,NA,NA,NA
"65","U","R.LAHEVGWK.Y","P40429 60S ribosomal protein L13a OS=Homo sapiens (Human) OX=9606 GN=RPL13A PE=1 SV=2",8190380,3886752,1408997,1545666,67076,24199,1196471,537370,189942,4803,2330361,1924040,742161,1452951,1634260,705616,1657092,1425496,940005,37955,2,59668,3,"H20211026_MHJC_897-906-TMT_bRP6",-1,355.81,2,NA,NA,NA
"66","U","R.LAHEVGWK.Y","P40429 60S ribosomal protein L13a OS=Homo sapiens (Human) OX=9606 GN=RPL13A PE=1 SV=2",1228285,612747,588367,283231,28780,17839,199610,101563,58167,21072,349476,303325,309910,266241,701204,520165,276456,269419,287863,166522,2,58577,3,"H20211026_MHJC_897-906-TMT_bRP5",-1,134.21,2,NA,NA,NA
"67","U","R.VCTLAIIDPGDSDIIR.S","P62888 60S ribosomal protein L30 OS=Homo sapiens (Human) OX=9606 GN=RPL30 PE=1 SV=2",358021,210443,248285,148644,10754,10712,107612,45591,23844,7459,101865,104174,130779,139727,262013,312350,149040,120940,118001,58945,1,96668,2,"H20211026_MHJC_897-906-TMT_bRP4",-1,64.47,1,NA,NA,NA
"68","U","K.HSGNITFDEIVNIAR.Q","P30050 60S ribosomal protein L12 OS=Homo sapiens (Human) OX=9606 GN=RPL12 PE=1 SV=1",598047,349210,399033,234906,14308,9817,182863,68526,49474,23747,170158,172867,210182,220815,348604,286253,253262,181780,244842,187662,1,89098,3,"H20211026_MHJC_897-906-TMT_bRP5",-1,61.18,1,NA,NA,NA
"69","U","K.GCVVGTK.K","P39023 60S ribosomal protein L3 OS=Homo sapiens (Human) OX=9606 GN=RPL3 PE=1 SV=2",632298,264179,222247,124420,0,569,114098,58878,32548,16627,179904,130775,117064,116956,0,16591,158023,156187,161077,131395,1,38327,2,"H20211026_MHJC_897-906-TMT_bRP5",-1,146.04,1,NA,NA,NA
"70","U","K.YDGIILPGK.-","P62913 60S ribosomal protein L11 OS=Homo sapiens (Human) OX=9606 GN=RPL11 PE=1 SV=2",3796641,2243010,2436855,1502841,0,27765,1150803,593289,304463,153387,1080236,1110346,1283564,1412694,0,809597,1593842,1573834,1506759,1212149,1,79941,2,"H20211026_MHJC_897-906-TMT_bRP5",-1,110.53,1,NA,NA,NA
"71","U","K.FSVCVLGDQQHCDEAK.A","P62906 60S ribosomal protein L10a OS=Homo sapiens (Human) OX=9606 GN=RPL10A PE=1 SV=2",704308,473323,475812,282355,18228,10551,226839,115430,73632,41066,200392,234306,250624,265418,444112,307655,314168,306204,364397,324526,1,72109,3,"H20211026_MHJC_897-906-TMT_bRP4",-1,100.52,1,NA,NA,NA
"72","U","K.GATYGKPVHHGVNQLK.F","P61313 60S ribosomal protein L15 OS=Homo sapiens (Human) OX=9606 GN=RPL15 PE=1 SV=2",842035,404477,246642,166473,2355,5220,130454,69514,27639,4346,239579,200226,129913,156487,57377,152209,180676,184401,136782,34344,1,39571,4,"H20211026_MHJC_897-906-TMT_bRP7",-1,213.89,1,NA,NA,NA
"73","U","K.FPLTTESAMK.K","P62750 60S ribosomal protein L23a OS=Homo sapiens (Human) OX=9606 GN=RPL23A PE=1 SV=1",117900,80140,86942,55599,3485,6322,50857,28775,17079,14823,33545,39671,45794,52263,84909,184342,70436,76332,84522,117139,1,77354,2,"H20211026_MHJC_897-906-TMT_bRP6",-1,35.66,1,NA,NA,NA
"74","U","K.GCGTVLLSGPR.K","Q07020 60S ribosomal protein L18 OS=Homo sapiens (Human) OX=9606 GN=RPL18 PE=1 SV=2",954476,515516,419396,182409,0,0,208741,89392,40512,5295,271571,255193,220908,171467,0,0,289102,237132,200490,41844,1,53852,2,"H20211026_MHJC_897-906-TMT_bRP7",-1,70.16,1,NA,NA,NA
"75","U","K.FTLDCTHPVEDGIMDAANFEQFLQER.I","P35268 60S ribosomal protein L22 OS=Homo sapiens (Human) OX=9606 GN=RPL22 PE=1 SV=2",102242,79668,71106,49324,2381,2544,41527,34268,31962,34774,29090,39437,37453,46365,58011,74180,57514,90903,158176,274803,2,104546,4,"H20211026_MHJC_897-906-TMT_bRP4",-1,25.77,1,NA,NA,NA
"76","U","K.KGDSSAEELK.L","P26373 60S ribosomal protein L13 OS=Homo sapiens (Human) OX=9606 GN=RPL13 PE=1 SV=4",599962,319807,309046,192100,1736,7892,156349,83100,51122,28612,170703,158312,162783,180577,42296,230122,216540,220441,252998,226107,1,45015,3,"H20211026_MHJC_897-906-TMT_bRP3",-1,115.56,1,NA,NA,NA
"77","U","K.EILGTAQSVGCNVDGR.H","P30050 60S ribosomal protein L12 OS=Homo sapiens (Human) OX=9606 GN=RPL12 PE=1 SV=1",17660,14397,12098,7444,0,0,7164,3164,4776,2463,5024,7126,6372,6997,0,0,9922,8393,23635,19463,2,66879,2,"H20211026_MHJC_897-906-TMT_bRP4",-1,13.32,2,NA,NA,NA
"78","U","K.EILGTAQSVGCNVDGR.H","P30050 60S ribosomal protein L12 OS=Homo sapiens (Human) OX=9606 GN=RPL12 PE=1 SV=1",42600,34188,24001,24972,0,0,10352,6555,4414,4179,12120,16923,12642,23474,0,0,14337,17388,21844,33024,2,68707,2,"H20211026_MHJC_897-906-TMT_bRP3",-1,8.81,2,NA,NA,NA
"79","U","R.NKQTYSTEPNNLK.A","P46779 60S ribosomal protein L28 OS=Homo sapiens (Human) OX=9606 GN=RPL28 PE=1 SV=3",379764,190756,252308,136933,1525,1616,121342,55269,22296,6126,108052,94429,132898,128719,37155,47120,168056,146613,110340,48411,1,46357,3,"H20211026_MHJC_897-906-TMT_bRP5",-1,84.61,1,NA,NA,NA
"80","U","R.AAVAASSSS.-","P61927 60S ribosomal protein L37 OS=Homo sapiens (Human) OX=9606 GN=RPL37 PE=1 SV=2",259901,210263,235934,277193,0,4505,296471,275761,293635,222228,73948,104085,124273,260565,0,131360,410607,731518,1453172,1756169,1,24095,2,"H20211026_MHJC_897-906-TMT_bRP2",-1,176.66,1,NA,NA,NA
"81","U","R.YYPTEDVPR.K","Q02878 60S ribosomal protein L6 OS=Homo sapiens (Human) OX=9606 GN=RPL6 PE=1 SV=3",564862,269896,285259,158025,5250,1577,117696,65069,33379,7728,160716,133605,150254,148546,127912,45983,163006,172610,165189,61070,2,56592,2,"H20211026_MHJC_897-906-TMT_bRP2",-1,87.15,2,NA,NA,NA
"82","U","R.YYPTEDVPR.K","Q02878 60S ribosomal protein L6 OS=Homo sapiens (Human) OX=9606 GN=RPL6 PE=1 SV=3",156622,126953,139791,172834,0,1510,173617,128450,103238,45894,44562,62844,73632,162466,0,44029,240456,340742,510915,362679,2,54441,2,"H20211026_MHJC_897-906-TMT_bRP5",-1,103.1,2,NA,NA,NA
"83","U","K.EKGTWVQLK.R","P46778 60S ribosomal protein L21 OS=Homo sapiens (Human) OX=9606 GN=RPL21 PE=1 SV=2",3768327,1764270,1624328,795757,16122,21590,655097,300202,115196,24173,1072180,873358,855582,748024,392801,629540,907298,796354,570094,191028,1,66238,3,"H20211026_MHJC_897-906-TMT_bRP7",-1,200.8,1,NA,NA,NA
"84","U","R.ALVDGPCTQVR.R","P50914 60S ribosomal protein L14 OS=Homo sapiens (Human) OX=9606 GN=RPL14 PE=1 SV=4",765937,273548,276733,130912,0,410,130687,71553,49305,84679,217927,135413,145763,123059,0,11955,180999,189810,244005,669180,1,51909,2,"H20211026_MHJC_897-906-TMT_bRP4",-1,87.18,1,NA,NA,NA
"85","U","R.VTNPNAR.L","P62910 60S ribosomal protein L32 OS=Homo sapiens (Human) OX=9606 GN=RPL32 PE=1 SV=2",433887,208852,221705,131601,0,0,115320,51092,30172,12792,123451,103387,116778,123707,0,0,159716,135533,149318,101089,1,19358,2,"H20211026_MHJC_897-906-TMT_bRP5",-1,65.54,1,NA,NA,NA
"86","U","K.ELEVLLMCNK.S","P62910 60S ribosomal protein L32 OS=Homo sapiens (Human) OX=9606 GN=RPL32 PE=1 SV=2",875090,362332,130151,196734,2464,6053,133447,67672,32337,10065,248984,179363,68554,184933,60033,176498,184821,179515,160032,79539,1,98275,3,"H20211026_MHJC_897-906-TMT_bRP5",-1,262.43,1,NA,NA,NA
"87","U","K.NVTLPAVFK.A","P36578 60S ribosomal protein L4 OS=Homo sapiens (Human) OX=9606 GN=RPL4 PE=1 SV=5",779948,459637,551704,335700,0,4522,300211,150581,62242,20516,221914,227531,290599,315563,0,131856,415787,399450,308029,162128,1,82883,2,"H20211026_MHJC_897-906-TMT_bRP8",-1,102.22,1,NA,NA,NA
"88","U","R.TNSTFNQVVLK.R","Q07020 60S ribosomal protein L18 OS=Homo sapiens (Human) OX=9606 GN=RPL18 PE=1 SV=2",47961,44495,30664,27208,0,688,31073,17451,10540,8696,13646,22026,16151,25575,0,20061,43035,46292,52161,68720,1,69916,2,"H20211026_MHJC_897-906-TMT_bRP7",-1,26.3,1,NA,NA,NA
"89","U","R.KFLDGIYVSEK.G","P32969 60S ribosomal protein L9 OS=Homo sapiens (Human) OX=9606 GN=RPL9P8 PE=1 SV=1",4996664,2575990,2148614,1138035,28162,13112,894088,403720,137393,26472,1421671,1275180,1131739,1069771,686147,382331,1238296,1070959,679945,209196,2,80242,3,"H20211026_MHJC_897-906-TMT_bRP6",-1,250.36,2,NA,NA,NA
"90","U","R.KFLDGIYVSEK.G","P32969 60S ribosomal protein L9 OS=Homo sapiens (Human) OX=9606 GN=RPL9P8 PE=1 SV=1",393237,306637,325756,330908,6298,17745,348869,375920,383406,219833,111885,151793,171585,311058,153446,517424,483177,997213,1897441,1737242,2,79607,3,"H20211026_MHJC_897-906-TMT_bRP7",-1,142.84,2,NA,NA,NA
"91","U","R.AKEAAEQDVEK.K","P26373 60S ribosomal protein L13 OS=Homo sapiens (Human) OX=9606 GN=RPL13 PE=1 SV=4",3015404,1695064,1387274,751628,3917,15900,569496,247862,165702,30792,857955,839099,730718,706542,95435,463626,788742,657510,820043,243335,3,47579,3,"H20211026_MHJC_897-906-TMT_bRP2",-1,139.24,2,NA,NA,NA
"92","U","R.AKEAAEQDVEK.K","P26373 60S ribosomal protein L13 OS=Homo sapiens (Human) OX=9606 GN=RPL13 PE=1 SV=4",927130,706984,467250,346785,28708,19515,228732,114780,81198,38147,263790,349975,246114,325983,699450,569036,316789,304480,401841,301458,3,48539,3,"H20211026_MHJC_897-906-TMT_bRP3",-1,178.23,2,NA,NA,NA
"93","U","R.HPHDIIDDINSGAVECPAS.-","P30050 60S ribosomal protein L12 OS=Homo sapiens (Human) OX=9606 GN=RPL12 PE=1 SV=1",316295,241826,276758,332116,0,5658,295856,308724,314130,264763,89993,119710,145776,312194,0,164981,409755,818960,1554600,2092304,2,68923,3,"H20211026_MHJC_897-906-TMT_bRP2",-1,61.43,2,NA,NA,NA
"94","U","R.HPHDIIDDINSGAVECPAS.-","P30050 60S ribosomal protein L12 OS=Homo sapiens (Human) OX=9606 GN=RPL12 PE=1 SV=1",328379,251321,325779,327220,0,5897,320542,315160,354325,292469,93431,124410,171597,307592,0,171950,443945,836033,1753521,2311252,2,71133,3,"H20211026_MHJC_897-906-TMT_bRP3",-1,88.18,2,NA,NA,NA
"95","U","R.QTATQLLK.L","P62424 60S ribosomal protein L7a OS=Homo sapiens (Human) OX=9606 GN=RPL7A PE=1 SV=2",1347617,684333,854249,446420,0,5765,380874,189065,107592,30297,383429,338762,449958,419642,0,168101,527504,501538,532462,239423,1,58708,2,"H20211026_MHJC_897-906-TMT_bRP6",-1,88.29,1,NA,NA,NA
"96",NA,"K.AEEILEK.G","P62913 60S ribosomal protein L11 OS=Homo sapiens (Human) OX=9606 GN=RPL11 PE=1 SV=2",2594901,1480098,783742,580724,0,4138,415390,182116,54091,7829,738312,732686,412820,545890,0,120659,575308,483104,267691,61869,1,65129,2,"H20211026_MHJC_897-906-TMT_bRP2",-1,236.72,1,NA,NA,NA
"97",NA,"K.DDEVQVVR.G","P61254 60S ribosomal protein L26 OS=Homo sapiens (Human) OX=9606 GN=RPL26 PE=1 SV=1 
				
					Q9UNX3 60S ribosomal protein L26-like 1 OS=Homo sapiens (Human) OX=9606 GN=RPL26L1 PE=1 SV=1",153743,102269,113433,105342,1637,5966,95406,67490,61866,54379,43743,50625,59748,99023,39884,173962,132135,179032,306169,429733,1,40152,2,"H20211026_MHJC_897-906-TMT_bRP1",-1,53.83,1,NA,NA,NA
"98","U","K.VGLTNYAAAYCTGLLLAR.R","P46777 60S ribosomal protein L5 OS=Homo sapiens (Human) OX=9606 GN=RPL5 PE=1 SV=3",107817,82608,86317,63423,0,2267,55847,24647,16002,17442,30676,40893,45465,59618,0,66103,77347,65381,79192,137836,1,95868,2,"H20211026_MHJC_897-906-TMT_bRP8",-1,23.61,1,NA,NA,NA
"99","U","R.AITGASLADIMAK.R","P83731 60S ribosomal protein L24 OS=Homo sapiens (Human) OX=9606 GN=RPL24 PE=1 SV=1",1413623,703904,741079,441446,0,4246,381240,200755,72879,26592,402209,348450,390348,414966,0,123808,528011,532548,360671,210144,2,92529,2,"H20211026_MHJC_897-906-TMT_bRP7",-1,82.17,2,NA,NA,NA
"100","U","R.AITGASLADIMAK.R","P83731 60S ribosomal protein L24 OS=Homo sapiens (Human) OX=9606 GN=RPL24 PE=1 SV=1",682598,323844,333095,241865,0,1979,203215,126118,51235,33737,194215,160311,175451,227357,0,57705,281449,334556,253557,266608,2,94837,2,"H20211026_MHJC_897-906-TMT_bRP6",-1,60.31,2,NA,NA,NA
"101","U","K.YIPNRGPLDK.W","P27635 60S ribosomal protein L10 OS=Homo sapiens (Human) OX=9606 GN=RPL10 PE=1 SV=4",252285,176175,180536,146646,2644,6332,143293,129267,102447,105993,71781,87211,95093,137849,64419,184634,198458,342910,507000,837615,1,58904,3,"H20211026_MHJC_897-906-TMT_bRP6",-1,92.08,1,NA,NA,NA
"102","U","R.KLDELYGTWR.K","P36578 60S ribosomal protein L4 OS=Homo sapiens (Human) OX=9606 GN=RPL4 PE=1 SV=5",845409,659253,616081,454531,26442,21434,383913,331675,279989,304829,240539,326346,324508,427266,644241,624992,531713,879843,1385639,2408928,3,77110,3,"H20211026_MHJC_897-906-TMT_bRP6",-1,99.97,2,NA,NA,NA
"103","U","R.KLDELYGTWR.K","P36578 60S ribosomal protein L4 OS=Homo sapiens (Human) OX=9606 GN=RPL4 PE=1 SV=5",201045,143562,119118,92822,2152,3782,76677,52333,39267,37444,57202,71066,62743,87254,52432,110278,106196,138825,194328,295903,3,76587,3,"H20211026_MHJC_897-906-TMT_bRP7",-1,83.48,2,NA,NA,NA
"104","U","R.FCIWTESAFR.K","P36578 60S ribosomal protein L4 OS=Homo sapiens (Human) OX=9606 GN=RPL4 PE=1 SV=5",444737,270380,328584,200715,0,3753,160571,99971,55243,25813,126538,133844,173075,188675,0,109433,222388,265195,273392,203988,1,94439,2,"H20211026_MHJC_897-906-TMT_bRP8",-1,34.61,1,NA,NA,NA
"105","U","K.TAVVVGTITDDVR.V","Q07020 60S ribosomal protein L18 OS=Homo sapiens (Human) OX=9606 GN=RPL18 PE=1 SV=2",212289,127449,138733,74238,2187,2486,82128,34759,15201,6387,60401,63090,73074,69784,53284,72489,113745,92206,75228,50473,2,77442,2,"H20211026_MHJC_897-906-TMT_bRP3",-1,36.61,2,NA,NA,NA
"106","U","K.TAVVVGTITDDVR.V","Q07020 60S ribosomal protein L18 OS=Homo sapiens (Human) OX=9606 GN=RPL18 PE=1 SV=2",148775,88151,96664,60597,157,713,59954,32991,20584,16632,42330,43636,50915,56962,3825,20790,83035,87516,101868,131435,2,75313,2,"H20211026_MHJC_897-906-TMT_bRP4",-1,36.73,2,NA,NA,NA
"107","U","K.LVAIVDVIDQNR.A","P50914 60S ribosomal protein L14 OS=Homo sapiens (Human) OX=9606 GN=RPL14 PE=1 SV=4",2470146,877684,945312,488559,18365,0,445179,249652,90246,0,702816,434475,497924,459253,447450,0,616565,662258,446619,0,1,102314,2,"H20211026_MHJC_897-906-TMT_bRP5",-1,43.03,1,NA,NA,NA
"108","U","R.PLISVYSEKGESSGK.N","P36578 60S ribosomal protein L4 OS=Homo sapiens (Human) OX=9606 GN=RPL4 PE=1 SV=5",211038,118161,153007,92809,6910,5119,76613,38739,26877,14089,60045,58492,80593,87241,168357,149264,106107,102764,133011,111339,1,70312,3,"H20211026_MHJC_897-906-TMT_bRP6",-1,136.45,1,NA,NA,NA
"109","U","R.KIEEIKDFLLTAR.R","P63173 60S ribosomal protein L38 OS=Homo sapiens (Human) OX=9606 GN=RPL38 PE=1 SV=2",40985,20597,22656,19044,795,835,12279,17396,15006,17735,11661,10196,11933,17901,19369,24347,17006,46146,74263,140151,2,97823,2,"H20211026_MHJC_897-906-TMT_bRP7",-1,21.11,1,NA,NA,NA
"110","U","K.APIRPDIVNFVHTNLR.K","P36578 60S ribosomal protein L4 OS=Homo sapiens (Human) OX=9606 GN=RPL4 PE=1 SV=5",2365846,1247904,1033269,610708,37919,25681,464898,247398,160843,42154,673140,617744,544253,574075,923870,748829,643875,656279,795997,333124,1,76046,4,"H20211026_MHJC_897-906-TMT_bRP8",-1,126.6,1,NA,NA,NA
"111","U","K.FNADEFEDMVAEKR.L","P27635 60S ribosomal protein L10 OS=Homo sapiens (Human) OX=9606 GN=RPL10 PE=1 SV=4",186808,130466,127607,87333,7072,4384,66928,27500,13478,4749,53151,64583,67214,82094,172304,127832,92694,72950,66701,37529,2,95287,3,"H20211026_MHJC_897-906-TMT_bRP3",-1,25.17,2,NA,NA,NA
"112","U","K.FNADEFEDMVAEKR.L","P27635 60S ribosomal protein L10 OS=Homo sapiens (Human) OX=9606 GN=RPL10 PE=1 SV=4",187851,125781,133246,102026,1964,11765,96183,58661,42730,30810,53448,62264,70184,95906,47851,343054,133211,155611,211466,243477,2,93719,3,"H20211026_MHJC_897-906-TMT_bRP4",-1,43.31,2,NA,NA,NA
"113","U","R.ASGNYATVISHNPETKK.T","P62917 60S ribosomal protein L8 OS=Homo sapiens (Human) OX=9606 GN=RPL8 PE=1 SV=2",1561801,601919,632417,405995,4847,18207,378618,218569,219794,124079,444370,297965,333113,381641,118093,530896,524379,579804,1087740,980541,1,51727,4,"H20211026_MHJC_897-906-TMT_bRP5",-1,124.66,1,NA,NA,NA
"114","U","K.AVDIPHMDIEALK.K","P62906 60S ribosomal protein L10a OS=Homo sapiens (Human) OX=9606 GN=RPL10A PE=1 SV=2",1703572,991976,656627,401330,0,2216,318782,216836,99935,65575,484707,491053,345865,377256,0,64616,441507,575206,494569,518210,1,91532,3,"H20211026_MHJC_897-906-TMT_bRP4",-1,181.59,1,NA,NA,NA
"115","U","R.FPGYDSESK.E","P46777 60S ribosomal protein L5 OS=Homo sapiens (Human) OX=9606 GN=RPL5 PE=1 SV=3",213670,184235,144848,146207,0,542,122628,88063,61671,44422,60794,91201,76295,137436,0,15804,169837,233607,305204,351047,1,61943,2,"H20211026_MHJC_897-906-TMT_bRP4",-1,80.98,1,NA,NA,NA
"116","U","R.IVYLYTK.K","P49207 60S ribosomal protein L34 OS=Homo sapiens (Human) OX=9606 GN=RPL34 PE=1 SV=3",2710290,1355367,1466087,716728,0,0,665045,287201,126754,26940,771143,670941,772232,673735,0,0,921076,761866,627293,212894,1,75142,2,"H20211026_MHJC_897-906-TMT_bRP8",-1,134.96,1,NA,NA,NA
"117","U","R.YSVDIPLDK.T","P61353 60S ribosomal protein L27 OS=Homo sapiens (Human) OX=9606 GN=RPL27 PE=1 SV=2",692197,393181,377199,257915,0,3333,210023,106825,62755,19136,196946,194634,198682,242444,0,97186,290878,283377,310568,151223,2,81933,2,"H20211026_MHJC_897-906-TMT_bRP3",-1,149.07,2,NA,NA,NA
"118","U","R.YSVDIPLDK.T","P61353 60S ribosomal protein L27 OS=Homo sapiens (Human) OX=9606 GN=RPL27 PE=1 SV=2",1454051,815742,970254,600389,48778,39103,416550,153663,119140,24787,413712,403813,511061,564375,1188442,1140200,576914,407626,589612,195880,2,79860,2,"H20211026_MHJC_897-906-TMT_bRP4",-1,125.36,2,NA,NA,NA
"119","U","R.VLTVINQTQKENLR.K","P42766 60S ribosomal protein L35 OS=Homo sapiens (Human) OX=9606 GN=RPL35 PE=1 SV=2",245628,100727,168154,66196,13472,7616,57294,41938,20763,13154,69887,49862,88571,62225,328236,222074,79351,111250,102754,103950,1,67253,3,"H20211026_MHJC_897-906-TMT_bRP8",-1,42.79,1,NA,NA,NA
"120","U","K.FVIATSTK.I","Q02878 60S ribosomal protein L6 OS=Homo sapiens (Human) OX=9606 GN=RPL6 PE=1 SV=3",3372459,1763855,1711918,1080435,0,13807,817722,296385,147499,13267,959546,873153,901718,1015626,0,402597,1132531,786228,729958,104843,1,60881,2,"H20211026_MHJC_897-906-TMT_bRP8",-1,224.46,1,NA,NA,NA
"121","U","R.VKNFGIWLR.Y","Q02543 60S ribosomal protein L18a OS=Homo sapiens (Human) OX=9606 GN=RPL18A PE=1 SV=2",460079,337788,316623,237626,13146,13904,232336,142579,103364,52438,130903,167213,166774,223372,320293,405425,321781,378223,511538,414394,1,80968,3,"H20211026_MHJC_897-906-TMT_bRP8",-1,179.07,1,NA,NA,NA
"122","U","K.GIVKDIIHDPGR.G","P62917 60S ribosomal protein L8 OS=Homo sapiens (Human) OX=9606 GN=RPL8 PE=1 SV=2",2459056,789063,641768,358069,18970,7147,287371,139347,68536,21501,699661,390606,338038,336590,462191,208398,398004,369649,339178,169912,1,61033,4,"H20211026_MHJC_897-906-TMT_bRP6",-1,307.23,1,NA,NA,NA
"123",NA,"K.FNPFVTSDR.S","P61254 60S ribosomal protein L26 OS=Homo sapiens (Human) OX=9606 GN=RPL26 PE=1 SV=1 
				
					Q9UNX3 60S ribosomal protein L26-like 1 OS=Homo sapiens (Human) OX=9606 GN=RPL26L1 PE=1 SV=1",816416,567070,520155,364100,0,5317,342353,246148,150680,84153,232290,280714,273981,342259,0,155037,474153,652963,745701,665023,1,75046,2,"H20211026_MHJC_897-906-TMT_bRP7",-1,48.32,1,NA,NA,NA
"124","U","K.FLVHNVK.E","P62910 60S ribosomal protein L32 OS=Homo sapiens (Human) OX=9606 GN=RPL32 PE=1 SV=2",9903405,5181722,4982698,3869657,41498,141313,3422418,1986300,1567506,842951,2817758,2565083,2624536,3637539,1011070,4120532,4739991,5269113,7757442,6661467,2,51648,3,"H20211026_MHJC_897-906-TMT_bRP8",-1,213,2,NA,NA,NA
"125","U","K.VAPAPAVVK.K","P62424 60S ribosomal protein L7a OS=Homo sapiens (Human) OX=9606 GN=RPL7A PE=1 SV=2",495465,226411,305308,143655,19748,12305,103569,51663,35600,7237,140971,112079,160814,135038,481146,358800,143441,137047,176181,57190,1,53694,2,"H20211026_MHJC_897-906-TMT_bRP6",-1,76.7,1,NA,NA,NA
"126","U","R.VLNSYWVGEDSTYK.F","P61313 60S ribosomal protein L15 OS=Homo sapiens (Human) OX=9606 GN=RPL15 PE=1 SV=2",81385,64557,64072,35225,1914,2802,36973,18823,8335,4629,23156,31957,33748,33112,46633,81703,51206,49932,41249,36580,2,88607,2,"H20211026_MHJC_897-906-TMT_bRP4",-1,36.26,2,NA,NA,NA
"127","U","R.VLNSYWVGEDSTYK.F","P61313 60S ribosomal protein L15 OS=Homo sapiens (Human) OX=9606 GN=RPL15 PE=1 SV=2",168381,117375,123671,76281,0,5200,75345,28438,12309,4818,47908,58103,65141,71705,0,151626,104351,75438,60916,38074,2,88259,2,"H20211026_MHJC_897-906-TMT_bRP5",-1,35.96,2,NA,NA,NA
"128","U","K.GQSEEIQK.K","P83731 60S ribosomal protein L24 OS=Homo sapiens (Human) OX=9606 GN=RPL24 PE=1 SV=1",1381719,585165,571939,370849,0,0,320379,145897,75040,40351,393132,289671,301257,348604,0,0,443719,387025,371366,318876,2,36796,2,"H20211026_MHJC_897-906-TMT_bRP1",-1,112.66,2,NA,NA,NA
"129","U","K.GQSEEIQK.K","P83731 60S ribosomal protein L24 OS=Homo sapiens (Human) OX=9606 GN=RPL24 PE=1 SV=1",280819,111161,113197,73033,552,1600,52146,31002,21508,11899,79899,55027,59624,68652,13449,46654,72221,82239,106441,94032,2,39055,2,"H20211026_MHJC_897-906-TMT_bRP2",-1,113.4,2,NA,NA,NA
"130","U","R.DLTTAGAVTQCYR.D","Q02543 60S ribosomal protein L18a OS=Homo sapiens (Human) OX=9606 GN=RPL18A PE=1 SV=2",74713,66469,57413,39516,1391,4484,34288,19517,10412,10661,21257,32903,30241,37145,33890,130748,47488,51773,51528,84249,1,59090,2,"H20211026_MHJC_897-906-TMT_bRP4",-1,36.02,1,NA,NA,NA
"131",NA,"K.ESTLHLVLR.L","P62987 Ubiquitin-60S ribosomal protein L40 OS=Homo sapiens (Human) OX=9606 GN=UBA52 PE=1 SV=2 
				
					P0CG48 Polyubiquitin-C OS=Homo sapiens (Human) OX=9606 GN=UBC PE=1 SV=3 
				
					P0CG47 Polyubiquitin-B OS=Homo sapiens (Human) OX=9606 GN=UBB PE=1 SV=1",2040666,1164267,636105,626367,0,3930,483288,262455,91032,13767,580617,576339,335055,588795,0,114594,669345,696219,450507,108792,3,61316,3,"H20211026_MHJC_897-906-TMT_bRP5",-1,282.7,3,NA,NA,NA
"132","U","R.VLTVINQTQK.E","P42766 60S ribosomal protein L35 OS=Homo sapiens (Human) OX=9606 GN=RPL35 PE=1 SV=2",329593,153349,170372,115430,0,0,107463,46996,20556,3262,93777,75911,89740,108506,0,0,148834,124667,101729,25778,1,66520,2,"H20211026_MHJC_897-906-TMT_bRP8",-1,130.32,1,NA,NA,NA
"133",NA,"R.KIMSSPLSK.E","P61254 60S ribosomal protein L26 OS=Homo sapiens (Human) OX=9606 GN=RPL26 PE=1 SV=1 
				
					Q9UNX3 60S ribosomal protein L26-like 1 OS=Homo sapiens (Human) OX=9606 GN=RPL26L1 PE=1 SV=1",1957816,850683,953325,439445,28594,14522,408456,514769,144033,281502,557046,421109,502144,413085,696673,423445,565704,1365542,712806,2224585,1,55482,3,"H20211026_MHJC_897-906-TMT_bRP8",-1,198.58,1,NA,NA,NA
"134","U","K.KYDAFLASESLIK.Q","P62906 60S ribosomal protein L10a OS=Homo sapiens (Human) OX=9606 GN=RPL10A PE=1 SV=2",2235745,1444753,1152645,660499,19364,12817,554598,236443,129527,89339,636123,715189,607132,620879,471790,373729,768108,627218,641017,706006,1,91146,3,"H20211026_MHJC_897-906-TMT_bRP6",-1,190.83,1,NA,NA,NA
"135","U","K.NNTVTPGGKPNK.T","P18077 60S ribosomal protein L35a OS=Homo sapiens (Human) OX=9606 GN=RPL35A PE=1 SV=2",85013,67531,71232,57770,858,1743,53769,25536,15705,7925,24188,33429,37520,54304,20904,50823,74469,67740,77722,62627,1,36615,3,"H20211026_MHJC_897-906-TMT_bRP7",-1,82.7,1,NA,NA,NA
"136","U","K.KIEDNNTLVFIVDVK.A","P62750 60S ribosomal protein L23a OS=Homo sapiens (Human) OX=9606 GN=RPL23A PE=1 SV=1",1010639,459468,495176,255321,10742,3833,224359,135054,90062,33606,287551,227448,260824,240005,261721,111766,310733,358261,445708,265573,1,96985,3,"H20211026_MHJC_897-906-TMT_bRP5",-1,109.85,1,NA,NA,NA
"137",NA,"K.KYVIYIER.V","P61254 60S ribosomal protein L26 OS=Homo sapiens (Human) OX=9606 GN=RPL26 PE=1 SV=1 
				
					Q9UNX3 60S ribosomal protein L26-like 1 OS=Homo sapiens (Human) OX=9606 GN=RPL26L1 PE=1 SV=1",467693,204321,244930,185776,11401,10067,167878,119416,131720,77192,133069,101144,129011,174632,277777,293542,232508,316778,651870,610014,1,66334,3,"H20211026_MHJC_897-906-TMT_bRP7",-1,96.02,1,NA,NA,NA
"138","U","R.KLDELYGTWR.K","P36578 60S ribosomal protein L4 OS=Homo sapiens (Human) OX=9606 GN=RPL4 PE=1 SV=5",116096,73576,71327,40235,0,1407,31571,26955,18557,12205,33032,36421,37570,37821,0,41026,43725,71504,91836,96450,3,77093,2,"H20211026_MHJC_897-906-TMT_bRP6",-1,51.54,1,NA,NA,NA
"139","U","R.YFQINQDEEEEEDED.-","P35268 60S ribosomal protein L22 OS=Homo sapiens (Human) OX=9606 GN=RPL22 PE=1 SV=2",109721,100742,155206,170664,1234,2639,179009,174978,206251,121214,31215,49866,81748,160425,30064,76948,247922,464167,1020714,957897,15,73792,2,"H20211026_MHJC_897-906-TMT_bRP2",-1,15.89,15,NA,NA,NA
"140","U","R.YFQINQDEEEEEDED.-","P35268 60S ribosomal protein L22 OS=Homo sapiens (Human) OX=9606 GN=RPL22 PE=1 SV=2",52684,51732,70707,77245,422,3418,89507,78250,92553,59503,14985,25604,37239,72609,10281,99664,123961,207572,458032,470222,15,75852,2,"H20211026_MHJC_897-906-TMT_bRP1",-1,21.38,15,NA,NA,NA
"141","U","R.VDKAAAAAAALQAK.S","P36578 60S ribosomal protein L4 OS=Homo sapiens (Human) OX=9606 GN=RPL4 PE=1 SV=5",1853535,1005194,1199447,645887,56758,21518,519637,307370,166495,53585,527375,497596,631784,607144,1382869,627441,719687,815367,823967,423457,2,69396,3,"H20211026_MHJC_897-906-TMT_bRP8",-1,99.1,2,NA,NA,NA
"142",NA,"K.TITLEVEPSDTIENVK.A","P62987 Ubiquitin-60S ribosomal protein L40 OS=Homo sapiens (Human) OX=9606 GN=UBA52 PE=1 SV=2 
				
					P0CG48 Polyubiquitin-C OS=Homo sapiens (Human) OX=9606 GN=UBC PE=1 SV=3 
				
					P0CG47 Polyubiquitin-B OS=Homo sapiens (Human) OX=9606 GN=UBB PE=1 SV=1",349216,245882,276776,215082,5480,13290,178538,80556,27372,8196,99358,121716,145784,202180,133514,387520,247270,213692,135460,64768,8,87099,2,"H20211026_MHJC_897-906-TMT_bRP4",-1,26.36,6,NA,NA,NA
"143",NA,"K.TITLEVEPSDTIENVK.A","P62987 Ubiquitin-60S ribosomal protein L40 OS=Homo sapiens (Human) OX=9606 GN=UBA52 PE=1 SV=2 
				
					P0CG48 Polyubiquitin-C OS=Homo sapiens (Human) OX=9606 GN=UBC PE=1 SV=3 
				
					P0CG47 Polyubiquitin-B OS=Homo sapiens (Human) OX=9606 GN=UBB PE=1 SV=1",123896,93558,100902,92590,0,2734,89042,39744,22740,11190,35250,46312,53148,87036,0,79720,123320,105430,112538,88428,8,84317,2,"H20211026_MHJC_897-906-TMT_bRP2",-1,46.44,6,NA,NA,NA
"144","U","K.LAPGGHVGR.F","P36578 60S ribosomal protein L4 OS=Homo sapiens (Human) OX=9606 GN=RPL4 PE=1 SV=5",435701,266718,220768,139338,0,0,96326,58404,27893,3427,123967,132032,116285,130979,0,0,133409,154929,138039,27082,1,26878,2,"H20211026_MHJC_897-906-TMT_bRP6",-1,105.15,1,NA,NA,NA
"145","U","K.YGIICMEDLIHEIYTVGK.R","P18124 60S ribosomal protein L7 OS=Homo sapiens (Human) OX=9606 GN=RPL7 PE=1 SV=1",144983,119565,124224,105500,3176,5816,75022,45748,42075,35762,41251,59187,65432,99171,77381,169588,103904,121356,208225,282611,1,106859,3,"H20211026_MHJC_897-906-TMT_bRP7",-1,42.36,1,NA,NA,NA
"146","U","R.KSEIEYYAMLAK.T","P62888 60S ribosomal protein L30 OS=Homo sapiens (Human) OX=9606 GN=RPL30 PE=1 SV=2",741152,484537,451447,293256,14194,12412,201869,108965,46836,30966,210875,239858,237790,275665,345827,361920,279585,289054,231787,244710,1,85490,3,"H20211026_MHJC_897-906-TMT_bRP6",-1,123.27,1,NA,NA,NA
"147",NA,"K.YQAVTATLEEK.R","Q6NVV1 Putative 60S ribosomal protein L13a protein RPL13AP3 OS=Homo sapiens (Human) OX=9606 GN=RPL13AP3 PE=5 SV=1",603822,353964,379720,216504,13012,17114,191470,56772,37510,14958,171800,175220,200008,203516,317028,499024,265182,150600,185632,118206,2,78149,2,"H20211026_MHJC_897-906-TMT_bRP3",-1,64.93,2,NA,NA,NA
"148","U","R.EVDRPGSK.V","P39023 60S ribosomal protein L3 OS=Homo sapiens (Human) OX=9606 GN=RPL3 PE=1 SV=2",123014,58649,45706,29472,0,1349,22331,14940,11536,9284,35000,29032,24074,27704,0,39335,30928,39631,57090,73367,1,29184,2,"H20211026_MHJC_897-906-TMT_bRP3",-1,66.97,1,NA,NA,NA
"149","U","K.IGQGYLIK.D","P39023 60S ribosomal protein L3 OS=Homo sapiens (Human) OX=9606 GN=RPL3 PE=1 SV=2",887679,502046,425596,279783,0,3221,253178,103896,44375,25046,252566,248525,224174,263000,0,93920,350647,275607,219607,197927,1,73047,2,"H20211026_MHJC_897-906-TMT_bRP7",-1,108.08,1,NA,NA,NA
"150","U","K.YLKDVTLQK.Q","P18621 60S ribosomal protein L17 OS=Homo sapiens (Human) OX=9606 GN=RPL17 PE=1 SV=3",1859634,745230,996226,452548,56380,12280,456078,224166,116113,49479,529110,368907,524742,425402,1373660,358071,631660,594651,574632,391010,1,70240,3,"H20211026_MHJC_897-906-TMT_bRP7",-1,170.51,1,NA,NA,NA
"151","U","K.GKDSLYAQGR.R","Q969Q0 60S ribosomal protein L36a-like OS=Homo sapiens (Human) OX=9606 GN=RPL36AL PE=1 SV=3",65217,31649,26259,12698,0,0,13482,8344,6073,4579,18555,15667,13831,11936,0,0,18672,22134,30054,36185,1,38519,2,"H20211026_MHJC_897-906-TMT_bRP5",-1,33.2,1,NA,NA,NA
"152","U","R.SQKPVMVK.R","P46779 60S ribosomal protein L28 OS=Homo sapiens (Human) OX=9606 GN=RPL28 PE=1 SV=3",1285965,796970,846332,483138,13190,16905,430911,202526,102315,54032,365888,394520,445788,454157,321365,492931,596804,537246,506347,426990,1,41908,3,"H20211026_MHJC_897-906-TMT_bRP8",-1,238.46,1,NA,NA,NA
"153","U","R.ASGNYATVISHNPETK.K","P62917 60S ribosomal protein L8 OS=Homo sapiens (Human) OX=9606 GN=RPL8 PE=1 SV=2",491385,205860,192005,126950,8212,4048,93878,64149,47318,24872,139810,101905,101134,119335,200079,118035,130019,170169,234172,196552,2,55005,3,"H20211026_MHJC_897-906-TMT_bRP4",-1,55.97,2,NA,NA,NA
"154","U","R.ASGNYATVISHNPETK.K","P62917 60S ribosomal protein L8 OS=Homo sapiens (Human) OX=9606 GN=RPL8 PE=1 SV=2",197477,106919,119828,66523,4417,5680,53057,25222,18273,5645,56186,52927,63117,62532,107617,165622,73483,66907,90431,44609,2,54453,3,"H20211026_MHJC_897-906-TMT_bRP6",-1,42.66,2,NA,NA,NA
"155","U","K.TVGVEPAADGK.G","P46779 60S ribosomal protein L28 OS=Homo sapiens (Human) OX=9606 GN=RPL28 PE=1 SV=3",815942,497239,487490,289894,0,574,251648,94217,32449,3613,232155,246145,256775,272505,0,16737,348528,249932,160587,28551,1,49808,2,"H20211026_MHJC_897-906-TMT_bRP3",-1,139.14,1,NA,NA,NA
"156","U","K.KGQSEEIQK.K","P83731 60S ribosomal protein L24 OS=Homo sapiens (Human) OX=9606 GN=RPL24 PE=1 SV=1",93997,37329,47897,25284,0,0,22084,11629,3523,999,26744,18478,25228,23767,0,0,30585,30848,17435,7894,1,38215,2,"H20211026_MHJC_897-906-TMT_bRP4",-1,46.51,1,NA,NA,NA
"157","U","K.AIPQLQGYLR.S","Q02878 60S ribosomal protein L6 OS=Homo sapiens (Human) OX=9606 GN=RPL6 PE=1 SV=3",137043,92689,73071,53061,0,2422,34709,37582,38978,21952,38992,45883,38488,49878,0,70622,48071,99694,192898,173476,1,80741,2,"H20211026_MHJC_897-906-TMT_bRP7",-1,21.14,1,NA,NA,NA
"158","U","R.GAKAEEILEK.G","P62913 60S ribosomal protein L11 OS=Homo sapiens (Human) OX=9606 GN=RPL11 PE=1 SV=2",1534919,579731,778399,301204,36175,13868,212414,110852,63547,41353,436721,286981,410006,283136,881379,404375,294189,294060,314488,326794,1,64550,3,"H20211026_MHJC_897-906-TMT_bRP4",-1,161.2,1,NA,NA,NA
"159","U","K.KLYDIDVAK.V","P62750 60S ribosomal protein L23a OS=Homo sapiens (Human) OX=9606 GN=RPL23A PE=1 SV=1",8452941,3626913,2518106,1881506,53867,38730,1545787,777948,432296,27170,2405066,1795414,1326362,1768646,1312432,1129324,2140889,2063684,2139393,214712,1,69687,3,"H20211026_MHJC_897-906-TMT_bRP5",-1,316.22,1,NA,NA,NA
"160","U","R.YPMAVGLNK.G","Q9Y3U8 60S ribosomal protein L36 OS=Homo sapiens (Human) OX=9606 GN=RPL36 PE=1 SV=3",364136,228850,213346,134640,695,0,113807,68967,57002,64041,103605,113286,112375,126563,16933,0,157620,182950,282097,506087,2,71179,2,"H20211026_MHJC_897-906-TMT_bRP7",-1,70.26,2,NA,NA,NA
"161","U","R.YPMAVGLNK.G","Q9Y3U8 60S ribosomal protein L36 OS=Homo sapiens (Human) OX=9606 GN=RPL36 PE=1 SV=3",88858,68062,59224,42790,0,1427,46695,26904,29512,29164,25282,33692,31195,40223,0,41609,64671,71368,146052,230470,2,66646,2,"H20211026_MHJC_897-906-TMT_bRP8",-1,42.99,2,NA,NA,NA
"162","U","K.SKITVTSEVPFSK.R","P35268 60S ribosomal protein L22 OS=Homo sapiens (Human) OX=9606 GN=RPL22 PE=1 SV=2",1210024,547758,754730,310749,40694,24121,217124,146145,79238,20965,344281,271154,397538,292109,991481,703342,300713,387682,392141,165677,1,71881,3,"H20211026_MHJC_897-906-TMT_bRP7",-1,115.92,1,NA,NA,NA
"163","U","R.SGQGAFGNMCR.G","P36578 60S ribosomal protein L4 OS=Homo sapiens (Human) OX=9606 GN=RPL4 PE=1 SV=5",145416,86421,103296,62126,0,1328,55147,31511,9725,4045,41374,42780,54409,58399,0,38723,76377,83590,48128,31965,2,43682,2,"H20211026_MHJC_897-906-TMT_bRP6",-1,28.84,2,NA,NA,NA
"164","U","R.SGQGAFGNMCR.G","P36578 60S ribosomal protein L4 OS=Homo sapiens (Human) OX=9606 GN=RPL4 PE=1 SV=5",24115,16768,20852,15838,1394,706,12253,6829,4443,2199,6861,8300,10983,14887,33963,20586,16970,18115,21987,17377,2,43207,2,"H20211026_MHJC_897-906-TMT_bRP7",-1,21.54,2,NA,NA,NA
"165","U","K.GSAITGPVAK.E","P62829 60S ribosomal protein L23 OS=Homo sapiens (Human) OX=9606 GN=RPL23 PE=1 SV=1",5623936,2097157,1876950,1023201,0,0,735180,339723,108779,11740,1600146,1038145,988645,961825,0,0,1018212,901192,538337,92776,1,50250,2,"H20211026_MHJC_897-906-TMT_bRP6",-1,181.98,1,NA,NA,NA
"166","U","R.DTLYEAVR.E","P62906 60S ribosomal protein L10a OS=Homo sapiens (Human) OX=9606 GN=RPL10A PE=1 SV=2",1085639,777026,600913,387731,0,1016,301351,126337,55443,8751,308890,384647,316518,364473,0,29625,417366,335137,274382,69155,1,57910,2,"H20211026_MHJC_897-906-TMT_bRP2",-1,103.22,1,NA,NA,NA
"167","U","K.MQANNAK.A","P47914 60S ribosomal protein L29 OS=Homo sapiens (Human) OX=9606 GN=RPL29 PE=1 SV=2",429483,252978,295778,185167,0,1575,151269,55426,22386,2293,122198,125230,155795,174059,0,45925,209505,147030,110786,18120,1,28418,2,"H20211026_MHJC_897-906-TMT_bRP5",-1,153.07,1,NA,NA,NA
"168","U","K.FLDGIYVSEK.G","P32969 60S ribosomal protein L9 OS=Homo sapiens (Human) OX=9606 GN=RPL9P8 PE=1 SV=1",1036410,554245,570005,336162,0,3799,313009,141710,82347,47371,294883,274365,300238,315997,0,110774,433512,375918,407527,374352,2,91225,2,"H20211026_MHJC_897-906-TMT_bRP5",-1,149,2,NA,NA,NA
"169","U","K.FLDGIYVSEK.G","P32969 60S ribosomal protein L9 OS=Homo sapiens (Human) OX=9606 GN=RPL9P8 PE=1 SV=1",418598,244236,233451,148186,0,4270,110064,60163,34933,12085,119101,120903,122965,139297,0,124508,152436,159596,172880,95502,2,91737,2,"H20211026_MHJC_897-906-TMT_bRP4",-1,94.55,2,NA,NA,NA
"170","U","R.KVTAAMGK.K","P61353 60S ribosomal protein L27 OS=Homo sapiens (Human) OX=9606 GN=RPL27 PE=1 SV=2",2755025,1534197,1521567,906323,24371,34571,727262,387770,211410,78550,783871,759466,801455,851958,593782,1008052,1007245,1028648,1046248,620745,1,41907,3,"H20211026_MHJC_897-906-TMT_bRP8",-1,181.24,1,NA,NA,NA
"171","U","R.AKEAAEQDVEK.K","P26373 60S ribosomal protein L13 OS=Homo sapiens (Human) OX=9606 GN=RPL13 PE=1 SV=4",46486,27468,31797,21659,1230,0,16562,11803,12798,8959,13226,13597,16748,20359,29968,0,22938,31310,63336,70799,3,46766,2,"H20211026_MHJC_897-906-TMT_bRP1",-1,11.75,1,NA,NA,NA
"172",NA,"R.KDDEVQVVR.G","P61254 60S ribosomal protein L26 OS=Homo sapiens (Human) OX=9606 GN=RPL26 PE=1 SV=1 
				
					Q9UNX3 60S ribosomal protein L26-like 1 OS=Homo sapiens (Human) OX=9606 GN=RPL26L1 PE=1 SV=1",876860,486520,385644,254747,3801,5718,205143,77031,51790,20558,249487,240839,203130,239466,92608,166730,284119,204342,256303,162460,2,42622,3,"H20211026_MHJC_897-906-TMT_bRP2",-1,114.01,2,NA,NA,NA
"173",NA,"R.KDDEVQVVR.G","P61254 60S ribosomal protein L26 OS=Homo sapiens (Human) OX=9606 GN=RPL26 PE=1 SV=1 
				
					Q9UNX3 60S ribosomal protein L26-like 1 OS=Homo sapiens (Human) OX=9606 GN=RPL26L1 PE=1 SV=1",1295882,760214,686127,468611,11445,11911,418390,194051,133302,90244,368709,376325,361403,440501,278849,347311,579463,514764,659699,713158,2,40842,3,"H20211026_MHJC_897-906-TMT_bRP1",-1,138.87,2,NA,NA,NA
"174","U","K.KAPAQKVPAQK.A","P50914 60S ribosomal protein L14 OS=Homo sapiens (Human) OX=9606 GN=RPL14 PE=1 SV=4",2512585,748854,1145759,405265,66156,20181,326305,199883,135755,27760,714891,370701,603505,380955,1611845,588455,451926,530235,671839,219374,1,34790,4,"H20211026_MHJC_897-906-TMT_bRP8",-1,294.1,1,NA,NA,NA
"175","U","K.AQAQSQK.A","P49207 60S ribosomal protein L34 OS=Homo sapiens (Human) OX=9606 GN=RPL34 PE=1 SV=3",96281,40859,39370,24489,0,0,18418,10977,5926,1959,27394,20226,20737,23020,0,0,25508,29118,29327,15481,1,18706,2,"H20211026_MHJC_897-906-TMT_bRP5",-1,47.69,1,NA,NA,NA
"176","U","R.LAPDYDALDVANK.I","P62750 60S ribosomal protein L23a OS=Homo sapiens (Human) OX=9606 GN=RPL23A PE=1 SV=1",522182,222150,301281,139629,14510,4459,121146,50504,37056,7063,148573,109969,158693,131253,353526,130019,167785,133973,183386,55815,3,84038,2,"H20211026_MHJC_897-906-TMT_bRP3",-1,73.11,3,NA,NA,NA
"177","U","R.LAPDYDALDVANK.I","P62750 60S ribosomal protein L23a OS=Homo sapiens (Human) OX=9606 GN=RPL23A PE=1 SV=1",188493,75625,78444,51411,0,2475,47272,27269,34641,13947,53630,37436,41318,48327,0,72168,65470,72337,171435,110216,3,82447,2,"H20211026_MHJC_897-906-TMT_bRP4",-1,49.17,3,NA,NA,NA
"178","U","R.LAPDYDALDVANK.I","P62750 60S ribosomal protein L23a OS=Homo sapiens (Human) OX=9606 GN=RPL23A PE=1 SV=1",34411,19896,20422,12269,859,1397,10464,7686,7427,3713,9790,9849,10756,11533,20928,40734,14492,20388,36755,29342,3,80943,2,"H20211026_MHJC_897-906-TMT_bRP2",-1,24.12,3,NA,NA,NA
"179","U","K.YHPGYFGK.V","P46776 60S ribosomal protein L27a OS=Homo sapiens (Human) OX=9606 GN=RPL27A PE=1 SV=2",2286624,1600846,40854,526094,6727,9865,369466,180873,89854,36906,650599,792459,21519,494536,163898,287652,511704,479806,444679,291651,1,55019,3,"H20211026_MHJC_897-906-TMT_bRP6",-1,385.79,1,NA,NA,NA
"180","U","R.KTVGVEPAADGK.G","P46779 60S ribosomal protein L28 OS=Homo sapiens (Human) OX=9606 GN=RPL28 PE=1 SV=3",1238850,655920,706541,389349,41232,24991,292240,116516,64602,14659,352482,324697,372156,365994,1004589,728710,404747,309085,319709,115843,1,46356,3,"H20211026_MHJC_897-906-TMT_bRP4",-1,153.97,1,NA,NA,NA
"181","U","K.LVILANNCPALR.K","P62888 60S ribosomal protein L30 OS=Homo sapiens (Human) OX=9606 GN=RPL30 PE=1 SV=2",270710,185369,176022,83905,0,1046,89295,55336,31543,16599,77023,91762,92716,78872,0,30500,123672,146791,156103,131174,1,78430,2,"H20211026_MHJC_897-906-TMT_bRP8",-1,37.47,1,NA,NA,NA
"182",NA,"K.IQDKEGIPPDQQR.L","P62987 Ubiquitin-60S ribosomal protein L40 OS=Homo sapiens (Human) OX=9606 GN=UBA52 PE=1 SV=2 
				
					P0CG48 Polyubiquitin-C OS=Homo sapiens (Human) OX=9606 GN=UBC PE=1 SV=3 
				
					P0CG47 Polyubiquitin-B OS=Homo sapiens (Human) OX=9606 GN=UBB PE=1 SV=1",550071,372651,392331,328089,3213,5421,311970,193689,147222,112344,156507,184470,206652,308406,78282,158070,432072,513804,728586,887802,3,49485,3,"H20211026_MHJC_897-906-TMT_bRP3",-1,85.23,3,NA,NA,NA
"183",NA,"K.FIDTTSK.F","P39023 60S ribosomal protein L3 OS=Homo sapiens (Human) OX=9606 GN=RPL3 PE=1 SV=2",9131868,3980636,3569292,2026496,0,8510,1578250,701184,240988,36042,2598236,1970514,1880052,1904938,0,248142,2185848,1860050,1192626,284822,2,58054,2,"H20211026_MHJC_897-906-TMT_bRP5",-1,116.36,2,NA,NA,NA
"184","U","K.YGIICMEDLIHEIYTVGKR.F","P18124 60S ribosomal protein L7 OS=Homo sapiens (Human) OX=9606 GN=RPL7 PE=1 SV=1",401301,202170,263153,124426,10627,11607,75600,31809,13452,12470,114179,100079,138610,116962,258919,338447,104704,84380,66572,98544,1,104367,4,"H20211026_MHJC_897-906-TMT_bRP7",-1,54.87,1,NA,NA,NA
"185","U","K.SACGVCPGR.L","P49207 60S ribosomal protein L34 OS=Homo sapiens (Human) OX=9606 GN=RPL34 PE=1 SV=3",135625,70374,75972,46194,276,834,41251,16265,6719,0,38588,34836,40016,43423,6724,24318,57131,43146,33251,0,1,25912,2,"H20211026_MHJC_897-906-TMT_bRP4",-1,33.71,1,NA,NA,NA
"186","U","K.VVNPLFEK.R","P62424 60S ribosomal protein L7a OS=Homo sapiens (Human) OX=9606 GN=RPL7A PE=1 SV=2",876615,571358,419585,235114,13445,6780,187592,92184,51165,36549,249418,282836,221008,221010,327578,197697,259811,244539,253210,288830,1,80294,2,"H20211026_MHJC_897-906-TMT_bRP6",-1,100.26,1,NA,NA,NA
"187","U","R.ISLGLPVGAVINCADNTGAK.N","P62829 60S ribosomal protein L23 OS=Homo sapiens (Human) OX=9606 GN=RPL23 PE=1 SV=1",83166,40518,41034,35314,1597,0,23821,9708,4785,3915,23662,20057,21613,33195,38909,0,32991,25752,23680,30938,1,96551,2,"H20211026_MHJC_897-906-TMT_bRP7",-1,15.31,1,NA,NA,NA
"188","U","K.EAPAPPKAEAK.A","P62750 60S ribosomal protein L23a OS=Homo sapiens (Human) OX=9606 GN=RPL23A PE=1 SV=1",638223,287801,316838,167609,4514,7925,157169,109244,109553,55580,181589,142468,166888,157555,109980,231084,217676,289794,542167,439224,3,43294,3,"H20211026_MHJC_897-906-TMT_bRP3",-1,154.47,3,NA,NA,NA
"189","U","K.EAPAPPKAEAK.A","P62750 60S ribosomal protein L23a OS=Homo sapiens (Human) OX=9606 GN=RPL23A PE=1 SV=1",1366861,575035,706824,339779,30627,14191,304489,200005,144398,38019,388904,284656,372304,319397,746204,413793,421711,530558,714612,300446,3,40850,3,"H20211026_MHJC_897-906-TMT_bRP4",-1,115.44,3,NA,NA,NA
"190","U","K.ITVTSEVPFSK.R","P35268 60S ribosomal protein L22 OS=Homo sapiens (Human) OX=9606 GN=RPL22 PE=1 SV=2",2321328,1084353,1185574,610227,0,2021,469744,227887,107446,20285,660474,536782,624477,573623,0,58930,650587,604522,531740,160303,1,79980,2,"H20211026_MHJC_897-906-TMT_bRP6",-1,131.51,1,NA,NA,NA
"191","U","R.AVDFAER.H","P62917 60S ribosomal protein L8 OS=Homo sapiens (Human) OX=9606 GN=RPL8 PE=1 SV=2",788646,298868,279385,139701,0,370,130914,54434,21268,10504,224388,147947,147160,131321,0,10788,181313,144398,105253,83008,1,47107,2,"H20211026_MHJC_897-906-TMT_bRP1",-1,97.03,1,NA,NA,NA
"192","U","K.EFNAEVHR.K","P46777 60S ribosomal protein L5 OS=Homo sapiens (Human) OX=9606 GN=RPL5 PE=1 SV=3",267664,221175,161504,121405,4481,3406,91044,50281,44663,35474,76156,109487,85069,114122,109176,99315,126094,133381,221033,280335,1,38573,3,"H20211026_MHJC_897-906-TMT_bRP2",-1,128.46,1,NA,NA,NA
"193","U","R.IVEPYIAWGYPNLK.S","P18124 60S ribosomal protein L7 OS=Homo sapiens (Human) OX=9606 GN=RPL7 PE=1 SV=1",375340,178859,232925,95886,6579,5961,86942,75686,37799,6378,106793,88539,122688,90134,160292,173816,120413,200774,187063,50402,1,98661,2,"H20211026_MHJC_897-906-TMT_bRP7",-1,36.94,1,NA,NA,NA
"194","U","K.EAAEQDVEK.K","P26373 60S ribosomal protein L13 OS=Homo sapiens (Human) OX=9606 GN=RPL13 PE=1 SV=4",135711,90302,86001,55695,872,1410,52891,42216,27577,24079,38613,44701,45299,52354,21245,41114,73253,111987,136476,190285,1,39102,2,"H20211026_MHJC_897-906-TMT_bRP1",-1,68.88,1,NA,NA,NA
"195","U","K.ECADLWPR.I","P62829 60S ribosomal protein L23 OS=Homo sapiens (Human) OX=9606 GN=RPL23 PE=1 SV=1",409934,164282,171807,86494,0,512,71565,33003,24207,16124,116636,81323,90495,81305,0,14929,99116,87547,119798,127420,1,68392,2,"H20211026_MHJC_897-906-TMT_bRP3",-1,51.88,1,NA,NA,NA
"196","U","R.VATWFNQPAR.K","P26373 60S ribosomal protein L13 OS=Homo sapiens (Human) OX=9606 GN=RPL13 PE=1 SV=4",202003,137600,140965,86109,2718,4848,76753,43382,35601,18363,57474,68115,74250,80943,66222,141362,106301,115080,176186,145114,1,69725,2,"H20211026_MHJC_897-906-TMT_bRP8",-1,19.68,1,NA,NA,NA
"197","U","K.KVAPAPAVVK.K","P62424 60S ribosomal protein L7a OS=Homo sapiens (Human) OX=9606 GN=RPL7A PE=1 SV=2",910331,439450,466059,277228,5629,10753,264001,178866,140089,59472,259011,217538,245487,260598,137146,313545,365636,474482,693287,469980,1,45068,3,"H20211026_MHJC_897-906-TMT_bRP8",-1,197.3,1,NA,NA,NA
"198","U","K.NAESNAELK.G","P18621 60S ribosomal protein L17 OS=Homo sapiens (Human) OX=9606 GN=RPL17 PE=1 SV=3",309508,156044,248337,155262,17753,12755,118446,49692,31636,25496,88062,77245,130806,145948,432539,371921,164045,131819,156563,201483,1,38000,2,"H20211026_MHJC_897-906-TMT_bRP1",-1,85.13,1,NA,NA,NA
"199","U","K.QLDDLKVELSQLR.V","P42766 60S ribosomal protein L35 OS=Homo sapiens (Human) OX=9606 GN=RPL35 PE=1 SV=2",3367352,1294237,1520446,758951,8603,41069,643939,337123,180629,45715,958093,640680,800864,713426,209606,1197527,891844,894295,893916,361265,2,97134,3,"H20211026_MHJC_897-906-TMT_bRP5",-1,103.39,2,NA,NA,NA
"200","U","K.QLDDLKVELSQLR.V","P42766 60S ribosomal protein L35 OS=Homo sapiens (Human) OX=9606 GN=RPL35 PE=1 SV=2",1167369,451944,523669,316751,7937,4573,288014,177699,102187,57723,332144,223723,275832,297751,193379,133343,398894,471387,505714,456159,2,96177,3,"H20211026_MHJC_897-906-TMT_bRP6",-1,101.72,2,NA,NA,NA
"201","U","K.VFQFLNAK.C","P83731 60S ribosomal protein L24 OS=Homo sapiens (Human) OX=9606 GN=RPL24 PE=1 SV=1",747529,345848,488420,401017,2233,4360,382653,280856,192527,128744,212689,171203,257264,376961,54405,127132,529967,745034,952797,1017406,2,91944,2,"H20211026_MHJC_897-906-TMT_bRP8",-1,84.82,2,NA,NA,NA
"202","U","K.KMQANNAK.A","P47914 60S ribosomal protein L29 OS=Homo sapiens (Human) OX=9606 GN=RPL29 PE=1 SV=2",1604952,903381,1019196,596985,30252,23918,427942,237130,113980,44891,456647,447196,536840,561175,737068,697421,592692,629040,564075,354753,2,31159,3,"H20211026_MHJC_897-906-TMT_bRP7",-1,167.54,2,NA,NA,NA
"203","U","R.IALTDNALIAR.S","P18124 60S ribosomal protein L7 OS=Homo sapiens (Human) OX=9606 GN=RPL7 PE=1 SV=1",706010,351000,424875,194513,2088,4377,219727,166912,107085,126054,200876,173753,223794,182845,50872,127628,304318,442772,529953,996148,1,77874,2,"H20211026_MHJC_897-906-TMT_bRP6",-1,58.78,1,NA,NA,NA
"204","U","R.KIEEIKDFLLTAR.R","P63173 60S ribosomal protein L38 OS=Homo sapiens (Human) OX=9606 GN=RPL38 PE=1 SV=2",1625097,818038,833832,433980,42097,28310,277563,191778,102492,24528,462379,404949,439204,407948,1025664,825488,384420,508734,507223,193833,2,96768,3,"H20211026_MHJC_897-906-TMT_bRP8",-1,46.94,1,NA,NA,NA
"205","U","K.VLEQLTGQTPVFSK.A","P62913 60S ribosomal protein L11 OS=Homo sapiens (Human) OX=9606 GN=RPL11 PE=1 SV=2",694546,391151,350105,192075,4029,1434,143527,88926,31676,14676,197615,193629,184410,180553,98163,41813,198782,235896,156761,115977,1,93440,2,"H20211026_MHJC_897-906-TMT_bRP7",-1,99.34,1,NA,NA,NA
"206","U","R.ASITPGTILIILTGR.H","Q02878 60S ribosomal protein L6 OS=Homo sapiens (Human) OX=9606 GN=RPL6 PE=1 SV=3",124263,55983,51097,33992,1871,2078,29980,17698,8487,3284,35355,27713,26914,31953,45585,60592,41521,46947,42001,25951,1,106318,3,"H20211026_MHJC_897-906-TMT_bRP8",-1,58.43,1,NA,NA,NA
"207","U","R.GFSLEELR.V","P26373 60S ribosomal protein L13 OS=Homo sapiens (Human) OX=9606 GN=RPL13 PE=1 SV=4",2308078,955620,797702,388571,0,982,327545,147591,57527,1805,656704,473056,420173,365263,0,28634,453644,391518,284695,14264,1,79389,2,"H20211026_MHJC_897-906-TMT_bRP4",-1,221.75,1,NA,NA,NA
"208","U","R.YLMEEDEDAYKK.Q","P46777 60S ribosomal protein L5 OS=Homo sapiens (Human) OX=9606 GN=RPL5 PE=1 SV=3",246005,170289,152745,86404,5587,7785,61237,31295,24316,15826,69994,84297,80455,81221,136123,227002,84812,83017,120337,125065,1,71210,3,"H20211026_MHJC_897-906-TMT_bRP3",-1,78.5,1,NA,NA,NA
"209","U","R.IEEVPELPLVVEDKVEGYKK.T","P36578 60S ribosomal protein L4 OS=Homo sapiens (Human) OX=9606 GN=RPL4 PE=1 SV=5",578787,360591,246199,194844,7191,4613,150528,83650,51475,27867,164678,178501,129680,183156,175203,134510,208478,221900,254745,220220,1,100555,4,"H20211026_MHJC_897-906-TMT_bRP4",-1,75.62,1,NA,NA,NA
"210","U","R.AYGGSMCAK.C","P49207 60S ribosomal protein L34 OS=Homo sapiens (Human) OX=9606 GN=RPL34 PE=1 SV=3",598481,273498,285411,147104,0,601,125073,62375,36362,11652,170282,135388,150334,138280,0,17524,173224,165463,179952,92080,1,44321,2,"H20211026_MHJC_897-906-TMT_bRP5",-1,75.86,1,NA,NA,NA
"211","U","R.AGVNTVTTLVENK.K","P62424 60S ribosomal protein L7a OS=Homo sapiens (Human) OX=9606 GN=RPL7A PE=1 SV=2",653336,284446,338868,177249,11561,21340,137039,72767,33200,10795,185889,140807,178491,166616,281675,622251,189796,193031,164303,85308,1,81336,2,"H20211026_MHJC_897-906-TMT_bRP5",-1,44.23,1,NA,NA,NA
"212","U","R.HQEGEIFDTEKEKYEITEQR.K","Q02878 60S ribosomal protein L6 OS=Homo sapiens (Human) OX=9606 GN=RPL6 PE=1 SV=3",340206,195077,228521,113589,9936,4177,99539,57099,39957,18694,96796,96568,120368,106775,242083,121796,137859,151468,197743,147730,1,71060,4,"H20211026_MHJC_897-906-TMT_bRP3",-1,65.58,1,NA,NA,NA
"213","U","R.LSYNTASNK.T","P49207 60S ribosomal protein L34 OS=Homo sapiens (Human) OX=9606 GN=RPL34 PE=1 SV=3",50763,29989,33948,21938,0,0,19416,8590,6502,2892,14443,14845,17881,20622,0,0,26890,22786,32177,22854,3,43818,2,"H20211026_MHJC_897-906-TMT_bRP8",-1,38.65,3,NA,NA,NA
"214","U","R.LSYNTASNK.T","P49207 60S ribosomal protein L34 OS=Homo sapiens (Human) OX=9606 GN=RPL34 PE=1 SV=3",185731,106720,113517,70455,0,1615,63788,44605,24457,18840,52844,52829,59792,66228,0,47091,88345,118324,121035,148884,3,48521,2,"H20211026_MHJC_897-906-TMT_bRP6",-1,89.35,3,NA,NA,NA
"215","U","R.LSYNTASNK.T","P49207 60S ribosomal protein L34 OS=Homo sapiens (Human) OX=9606 GN=RPL34 PE=1 SV=3",608958,325331,336966,201773,0,0,145929,84154,28186,5498,173263,161047,177490,189669,0,0,202109,223237,139489,43448,3,47762,2,"H20211026_MHJC_897-906-TMT_bRP5",-1,75.23,3,NA,NA,NA
"216",NA,"-.MQIFVK.T","P62987 Ubiquitin-60S ribosomal protein L40 OS=Homo sapiens (Human) OX=9606 GN=UBA52 PE=1 SV=2 
				
					P0CG48 Polyubiquitin-C OS=Homo sapiens (Human) OX=9606 GN=UBC PE=1 SV=3 
				
					P0CG47 Polyubiquitin-B OS=Homo sapiens (Human) OX=9606 GN=UBB PE=1 SV=1",4762089,2896950,3555654,2340261,0,11532,2103264,1002186,218025,59940,1354929,1434063,1872867,2199882,0,336258,2912985,2658525,1078983,473679,3,72322,2,"H20211026_MHJC_897-906-TMT_bRP8",-1,93.15,3,NA,NA,NA
